CREATE DATABASE  IF NOT EXISTS `homeless` /*!40100 DEFAULT CHARACTER SET utf8 */;
USE `homeless`;
-- MySQL dump 10.13  Distrib 5.6.17, for Win64 (x86_64)
--
-- Host: localhost    Database: homeless
-- ------------------------------------------------------
-- Server version	5.6.21-log

/*!40101 SET @OLD_CHARACTER_SET_CLIENT=@@CHARACTER_SET_CLIENT */;
/*!40101 SET @OLD_CHARACTER_SET_RESULTS=@@CHARACTER_SET_RESULTS */;
/*!40101 SET @OLD_COLLATION_CONNECTION=@@COLLATION_CONNECTION */;
/*!40101 SET NAMES utf8 */;
/*!40103 SET @OLD_TIME_ZONE=@@TIME_ZONE */;
/*!40103 SET TIME_ZONE='+00:00' */;
/*!40014 SET @OLD_UNIQUE_CHECKS=@@UNIQUE_CHECKS, UNIQUE_CHECKS=0 */;
/*!40014 SET @OLD_FOREIGN_KEY_CHECKS=@@FOREIGN_KEY_CHECKS, FOREIGN_KEY_CHECKS=0 */;
/*!40101 SET @OLD_SQL_MODE=@@SQL_MODE, SQL_MODE='NO_AUTO_VALUE_ON_ZERO' */;
/*!40111 SET @OLD_SQL_NOTES=@@SQL_NOTES, SQL_NOTES=0 */;

--
-- Table structure for table `category`
--

DROP TABLE IF EXISTS `category`;
/*!40101 SET @saved_cs_client     = @@character_set_client */;
/*!40101 SET character_set_client = utf8 */;
CREATE TABLE `category` (
  `categoryid` int(11) NOT NULL,
  `categoryname` varchar(100) DEFAULT NULL,
  `categorytype` varchar(100) DEFAULT NULL,
  PRIMARY KEY (`categoryid`)
) ENGINE=InnoDB DEFAULT CHARSET=utf8;
/*!40101 SET character_set_client = @saved_cs_client */;

--
-- Dumping data for table `category`
--

LOCK TABLES `category` WRITE;
/*!40000 ALTER TABLE `category` DISABLE KEYS */;
INSERT INTO `category` VALUES (1,'Age','Children under 18'),(2,'Age','Youth 18-24'),(3,'Age','Adult 25+'),(4,'Age','Senior Citizen'),(5,'Gender','Male'),(6,'Gender','Female'),(7,'Gender','Transgender'),(8,'Ethinicity','Black/African American'),(9,'Ethinicity','White/Caucasian'),(10,'Ethinicity','Hispanic/Latino'),(11,'Ethinicity','Multi-Ethnic'),(12,'Housing','Sheltered'),(13,'Housing','Unsheltered'),(14,'Veterans','Veterans'),(15,'Disability Conditions','Mental Illness'),(16,'Disability Conditions','Substance Abuse'),(17,'Disability Conditions','Chronic Physical Illness'),(18,'Disability Conditions','Physical Disability'),(19,'Disability Conditions','Development Disability'),(20,'Reason','No Job Income'),(21,'Reason','No Money For Moving Cost'),(22,'Reason','Bad Credit'),(23,'Reason','No Housing Availability'),(24,'Reason','Cant Afford Rent'),(25,'Crime','Assulted or Physially Abused'),(26,'Crime','Burglarized '),(27,'Crime','Robbed ');
/*!40000 ALTER TABLE `category` ENABLE KEYS */;
UNLOCK TABLES;

--
-- Table structure for table `categoryinfo`
--

DROP TABLE IF EXISTS `categoryinfo`;
/*!40101 SET @saved_cs_client     = @@character_set_client */;
/*!40101 SET character_set_client = utf8 */;
CREATE TABLE `categoryinfo` (
  `categoryinfoid` int(11) NOT NULL,
  `categoryid_ci` int(11) DEFAULT NULL,
  `cityid_ci` int(11) DEFAULT NULL,
  `year` varchar(50) DEFAULT NULL,
  `count` int(11) DEFAULT NULL,
  PRIMARY KEY (`categoryinfoid`),
  KEY `cityid_idx` (`cityid_ci`),
  KEY `categoryid_idx` (`categoryid_ci`),
  CONSTRAINT `_cityid` FOREIGN KEY (`cityid_ci`) REFERENCES `city` (`city_id`) ON DELETE NO ACTION ON UPDATE NO ACTION,
  CONSTRAINT `categoryid` FOREIGN KEY (`categoryid_ci`) REFERENCES `category` (`categoryid`) ON DELETE NO ACTION ON UPDATE NO ACTION
) ENGINE=InnoDB DEFAULT CHARSET=utf8;
/*!40101 SET character_set_client = @saved_cs_client */;

--
-- Dumping data for table `categoryinfo`
--

LOCK TABLES `categoryinfo` WRITE;
/*!40000 ALTER TABLE `categoryinfo` DISABLE KEYS */;
INSERT INTO `categoryinfo` VALUES (1,1,43,'2011',17),(2,2,43,'2011',25),(3,3,43,'2011',57),(4,4,43,'2011',23),(5,5,43,'2011',68),(6,6,43,'2011',31),(7,7,43,'2011',1),(8,8,43,'2011',17),(9,9,43,'2011',39),(10,10,43,'2011',31),(11,11,43,'2011',13),(12,12,43,'2011',27),(13,13,43,'2011',73),(14,14,43,'2011',40),(15,15,43,'2011',39),(16,16,43,'2011',46),(17,17,43,'2011',19),(18,18,43,'2011',25),(19,19,43,'2011',10),(20,20,43,'2011',59),(21,21,43,'2011',28),(22,22,43,'2011',19),(23,23,43,'2011',18),(24,24,43,'2011',23),(25,25,43,'2011',20),(26,26,43,'2011',50),(27,27,43,'2011',30),(28,1,43,'2013',9),(29,2,43,'2013',14),(30,3,43,'2013',77),(31,4,43,'2013',2),(32,5,43,'2013',67),(33,6,43,'2013',31),(34,7,43,'2013',2),(35,8,43,'2013',22),(36,9,43,'2013',28),(37,10,43,'2013',31),(38,11,43,'2013',6),(39,12,43,'2013',26),(40,13,43,'2013',74),(41,14,43,'2013',8),(42,15,43,'2013',51),(43,16,43,'2013',17),(44,17,43,'2013',12),(45,18,43,'2013',14),(46,19,43,'2013',14),(47,20,43,'2013',54),(48,21,43,'2013',30),(49,22,43,'2013',21),(50,23,43,'2013',18),(51,24,43,'2013',12),(52,25,43,'2013',25),(53,26,43,'2013',30),(54,27,43,'2013',45),(55,1,44,'2011',14),(56,2,44,'2011',27),(57,3,44,'2011',59),(58,4,44,'2011',4),(59,5,44,'2011',67),(60,6,44,'2011',32),(61,7,44,'2011',1),(62,8,44,'2011',6),(63,9,44,'2011',63),(64,10,44,'2011',23),(65,11,44,'2011',3),(66,12,44,'2011',23),(67,13,44,'2011',77),(68,14,44,'2011',11),(69,15,44,'2011',18),(70,16,44,'2011',38),(71,17,44,'2011',26),(72,18,44,'2011',26),(73,19,44,'2011',13),(74,20,44,'2011',3),(75,21,44,'2011',45),(76,22,44,'2011',17),(77,23,44,'2011',12),(78,24,44,'2011',54),(79,25,44,'2011',10),(80,26,44,'2011',25),(81,27,44,'2011',65),(82,1,44,'2013',12),(83,2,44,'2013',25),(84,3,44,'2013',63),(85,4,44,'2013',13),(86,5,44,'2013',66),(87,6,44,'2013',32),(88,7,44,'2013',2),(89,8,44,'2013',5),(90,9,44,'2013',43),(91,10,44,'2013',35),(92,11,44,'2013',6),(93,12,44,'2013',18),(94,13,44,'2013',82),(95,14,44,'2013',18),(96,15,44,'2013',55),(97,16,44,'2013',26),(98,17,44,'2013',17),(99,18,44,'2013',20),(100,19,44,'2013',3),(101,20,44,'2013',65),(102,21,44,'2013',46),(103,22,44,'2013',20),(104,23,44,'2013',22),(105,24,44,'2013',59),(106,25,44,'2013',15),(107,26,44,'2013',30),(108,27,44,'2013',65),(109,1,38,'2011',13),(110,2,38,'2011',32),(111,3,38,'2011',55),(112,4,38,'2011',2),(113,5,38,'2011',68),(114,6,38,'2011',29),(115,7,38,'2011',3),(116,8,38,'2011',39),(117,9,38,'2011',35),(118,10,38,'2011',12),(119,11,38,'2011',7),(120,12,38,'2011',45),(121,13,38,'2011',55),(122,14,38,'2011',17),(123,15,38,'2011',28),(124,16,38,'2011',31),(125,17,38,'2011',33),(126,18,38,'2011',30),(127,19,38,'2011',3),(128,20,38,'2011',55),(129,21,38,'2011',27),(130,22,38,'2011',12),(131,23,38,'2011',14),(132,24,38,'2011',53),(133,25,38,'2011',20),(134,26,38,'2011',50),(135,27,38,'2011',30),(136,1,38,'2013',12),(137,2,38,'2013',27),(138,3,38,'2013',61),(139,4,38,'2013',4),(140,5,38,'2013',69),(141,6,38,'2013',27),(142,7,38,'2013',3),(143,8,38,'2013',24),(144,9,38,'2013',29),(145,10,38,'2013',26),(146,11,38,'2013',21),(147,12,38,'2013',41),(148,13,38,'2013',59),(149,14,38,'2013',11),(150,15,38,'2013',37),(151,16,38,'2013',29),(152,17,38,'2013',19),(153,18,38,'2013',26),(154,19,38,'2013',3),(155,20,38,'2013',52),(156,21,38,'2013',29),(157,22,38,'2013',11),(158,23,38,'2013',14),(159,24,38,'2013',55),(160,25,38,'2013',25),(161,26,38,'2013',30),(162,27,38,'2013',45),(163,1,19,'2011',19),(164,2,19,'2011',42),(165,3,19,'2011',39),(166,4,19,'2011',3),(167,5,19,'2011',64),(168,6,19,'2011',33),(169,7,19,'2011',3),(170,8,19,'2011',18),(171,9,19,'2011',42),(172,10,19,'2011',28),(173,11,19,'2011',6),(174,12,19,'2011',37),(175,13,19,'2011',73),(176,14,19,'2011',10),(177,15,19,'2011',39),(178,16,19,'2011',47),(179,17,19,'2011',19),(180,18,19,'2011',24),(181,19,19,'2011',3),(182,20,19,'2011',60),(183,21,19,'2011',27),(184,22,19,'2011',21),(185,23,19,'2011',4),(186,24,19,'2011',67),(187,25,19,'2011',10),(188,26,19,'2011',25),(189,27,19,'2011',65),(190,1,19,'2013',8),(191,2,19,'2013',16),(192,3,19,'2013',76),(193,4,19,'2013',2),(194,5,19,'2013',73),(195,6,19,'2013',25),(196,7,19,'2013',2),(197,8,19,'2013',23),(198,9,19,'2013',29),(199,10,19,'2013',30),(200,11,19,'2013',6),(201,12,19,'2013',23),(202,13,19,'2013',77),(203,14,19,'2013',23),(204,15,19,'2013',44),(205,16,19,'2013',17),(206,17,19,'2013',14),(207,18,19,'2013',12),(208,19,19,'2013',3),(209,20,19,'2013',57),(210,21,19,'2013',29),(211,22,19,'2013',22),(212,23,19,'2013',21),(213,24,19,'2013',65),(214,25,19,'2013',15),(215,26,19,'2013',30),(216,27,19,'2013',65),(217,1,34,'2011',20),(218,2,34,'2011',42),(219,3,34,'2011',30),(220,4,34,'2011',2),(221,5,34,'2011',68),(222,6,34,'2011',32),(223,7,34,'2011',2),(224,8,34,'2011',19),(225,9,34,'2011',42),(226,10,34,'2011',28),(227,11,34,'2011',6),(228,12,34,'2011',37),(229,13,34,'2011',72),(230,14,34,'2011',10),(231,15,34,'2011',39),(232,16,34,'2011',47),(233,17,34,'2011',19),(234,18,34,'2011',24),(235,19,34,'2011',3),(236,20,34,'2011',60),(237,21,34,'2011',27),(238,22,34,'2011',21),(239,23,34,'2011',4),(240,24,34,'2011',67),(241,25,34,'2011',10),(242,26,34,'2011',25),(243,27,34,'2011',65),(244,1,34,'2013',21),(245,2,34,'2013',43),(246,3,34,'2013',31),(247,4,34,'2013',3),(248,5,34,'2013',68),(249,6,34,'2013',33),(250,7,34,'2013',3),(251,8,34,'2013',19),(252,9,34,'2013',42),(253,10,34,'2013',28),(254,11,34,'2013',6),(255,12,34,'2013',37),(256,13,34,'2013',72),(257,14,34,'2013',10),(258,15,34,'2013',39),(259,16,34,'2013',47),(260,17,34,'2013',19),(261,18,34,'2013',24),(262,19,34,'2013',3),(263,20,34,'2013',60),(264,21,34,'2013',27),(265,22,34,'2013',21),(266,23,34,'2013',4),(267,24,34,'2013',67),(268,25,34,'2013',10),(269,26,34,'2013',25),(270,27,34,'2013',65),(271,1,37,'2011',17),(272,2,37,'2011',25),(273,3,37,'2011',57),(274,4,37,'2011',23),(275,5,37,'2011',68),(276,6,37,'2011',31),(277,7,37,'2011',1),(278,8,37,'2011',17),(279,9,37,'2011',39),(280,10,37,'2011',31),(281,11,37,'2011',13),(282,12,37,'2011',27),(283,13,37,'2011',73),(284,14,37,'2011',40),(285,15,37,'2011',39),(286,16,37,'2011',46),(287,17,37,'2011',19),(288,18,37,'2011',25),(289,19,37,'2011',10),(290,20,37,'2011',59),(291,21,37,'2011',28),(292,22,37,'2011',19),(293,23,37,'2011',18),(294,24,37,'2011',23),(295,25,37,'2011',20),(296,26,37,'2011',50),(297,27,37,'2011',30),(298,1,37,'2013',9),(299,2,37,'2013',14),(300,3,37,'2013',77),(301,4,37,'2013',2),(302,5,37,'2013',67),(303,6,37,'2013',31),(304,7,37,'2013',2),(305,8,37,'2013',22),(306,9,37,'2013',28),(307,10,37,'2013',31),(308,11,37,'2013',6),(309,12,37,'2013',26),(310,13,37,'2013',74),(311,14,37,'2013',8),(312,15,37,'2013',51),(313,16,37,'2013',17),(314,17,37,'2013',12),(315,18,37,'2013',14),(316,19,37,'2013',14),(317,20,37,'2013',54),(318,21,37,'2013',30),(319,22,37,'2013',21),(320,23,37,'2013',18),(321,24,37,'2013',12),(322,25,37,'2013',25),(323,26,37,'2013',30),(324,27,37,'2013',45),(325,1,42,'2011',20),(326,2,42,'2011',42),(327,3,42,'2011',30),(328,4,42,'2011',2),(329,5,42,'2011',68),(330,6,42,'2011',32),(331,7,42,'2011',2),(332,8,42,'2011',19),(333,9,42,'2011',42),(334,10,42,'2011',28),(335,11,42,'2011',6),(336,12,42,'2011',37),(337,13,42,'2011',72),(338,14,42,'2011',10),(339,15,42,'2011',39),(340,16,42,'2011',47),(341,17,42,'2011',19),(342,18,42,'2011',24),(343,19,42,'2011',3),(344,20,42,'2011',60),(345,21,42,'2011',27),(346,22,42,'2011',21),(347,23,42,'2011',4),(348,24,42,'2011',67),(349,25,42,'2011',10),(350,26,42,'2011',25),(351,27,42,'2011',65),(352,1,42,'2013',21),(353,2,42,'2013',43),(354,3,42,'2013',31),(355,4,42,'2013',3),(356,5,42,'2013',68),(357,6,42,'2013',33),(358,7,42,'2013',3),(359,8,42,'2013',19),(360,9,42,'2013',42),(361,10,42,'2013',28),(362,11,42,'2013',6),(363,12,42,'2013',37),(364,13,42,'2013',72),(365,14,42,'2013',10),(366,15,42,'2013',39),(367,16,42,'2013',47),(368,17,42,'2013',19),(369,18,42,'2013',24),(370,19,42,'2013',3),(371,20,42,'2013',60),(372,21,42,'2013',27),(373,22,42,'2013',21),(374,23,42,'2013',4),(375,24,42,'2013',67),(376,25,42,'2013',10),(377,26,42,'2013',25),(378,27,42,'2013',65),(379,1,33,'2011',19),(380,2,33,'2011',42),(381,3,33,'2011',39),(382,4,33,'2011',3),(383,5,33,'2011',64),(384,6,33,'2011',33),(385,7,33,'2011',3),(386,8,33,'2011',18),(387,9,33,'2011',42),(388,10,33,'2011',28),(389,11,33,'2011',6),(390,12,33,'2011',37),(391,13,33,'2011',73),(392,14,33,'2011',10),(393,15,33,'2011',39),(394,16,33,'2011',47),(395,17,33,'2011',19),(396,18,33,'2011',24),(397,19,33,'2011',3),(398,20,33,'2011',60),(399,21,33,'2011',27),(400,22,33,'2011',21),(401,23,33,'2011',4),(402,24,33,'2011',67),(403,25,33,'2011',10),(404,26,33,'2011',25),(405,27,33,'2011',65),(406,1,33,'2013',20),(407,2,33,'2013',42),(408,3,33,'2013',30),(409,4,33,'2013',2),(410,5,33,'2013',68),(411,6,33,'2013',32),(412,7,33,'2013',2),(413,8,33,'2013',19),(414,9,33,'2013',42),(415,10,33,'2013',28),(416,11,33,'2013',6),(417,12,33,'2013',37),(418,13,33,'2013',72),(419,14,33,'2013',10),(420,15,33,'2013',39),(421,16,33,'2013',47),(422,17,33,'2013',19),(423,18,33,'2013',24),(424,19,33,'2013',3),(425,20,33,'2013',60),(426,21,33,'2013',27),(427,22,33,'2013',21),(428,23,33,'2013',4),(429,24,33,'2013',67),(430,25,33,'2013',10),(431,26,33,'2013',25),(432,27,33,'2013',65),(433,1,1,'2011',21),(434,2,1,'2011',43),(435,3,1,'2011',31),(436,4,1,'2011',3),(437,5,1,'2011',68),(438,6,1,'2011',33),(439,7,1,'2011',3),(440,8,1,'2011',19),(441,9,1,'2011',42),(442,10,1,'2011',28),(443,11,1,'2011',6),(444,12,1,'2011',37),(445,13,1,'2011',72),(446,14,1,'2011',10),(447,15,1,'2011',39),(448,16,1,'2011',47),(449,17,1,'2011',19),(450,18,1,'2011',24),(451,19,1,'2011',3),(452,20,1,'2011',60),(453,21,1,'2011',27),(454,22,1,'2011',21),(455,23,1,'2011',4),(456,24,1,'2011',67),(457,25,1,'2011',10),(458,26,1,'2011',25),(459,27,1,'2011',65),(460,1,1,'2013',17),(461,2,1,'2013',25),(462,3,1,'2013',57),(463,4,1,'2013',23),(464,5,1,'2013',68),(465,6,1,'2013',31),(466,7,1,'2013',1),(467,8,1,'2013',17),(468,9,1,'2013',39),(469,10,1,'2013',31),(470,11,1,'2013',13),(471,12,1,'2013',27),(472,13,1,'2013',73),(473,14,1,'2013',40),(474,15,1,'2013',39),(475,16,1,'2013',46),(476,17,1,'2013',19),(477,18,1,'2013',25),(478,19,1,'2013',10),(479,20,1,'2013',59),(480,21,1,'2013',28),(481,22,1,'2013',19),(482,23,1,'2013',18),(483,24,1,'2013',23),(484,25,1,'2013',20),(485,26,1,'2013',50),(486,27,1,'2013',30);
/*!40000 ALTER TABLE `categoryinfo` ENABLE KEYS */;
UNLOCK TABLES;

--
-- Table structure for table `city`
--

DROP TABLE IF EXISTS `city`;
/*!40101 SET @saved_cs_client     = @@character_set_client */;
/*!40101 SET character_set_client = utf8 */;
CREATE TABLE `city` (
  `city_id` int(11) NOT NULL,
  `cityname` varchar(45) DEFAULT NULL,
  `stateid_c` int(11) DEFAULT NULL,
  `cityabbrv` varchar(4) DEFAULT NULL,
  PRIMARY KEY (`city_id`),
  KEY `stateid_idx` (`stateid_c`),
  CONSTRAINT `state_id` FOREIGN KEY (`stateid_c`) REFERENCES `state` (`state_id`) ON DELETE CASCADE ON UPDATE NO ACTION
) ENGINE=InnoDB DEFAULT CHARSET=utf8;
/*!40101 SET character_set_client = @saved_cs_client */;

--
-- Dumping data for table `city`
--

LOCK TABLES `city` WRITE;
/*!40000 ALTER TABLE `city` DISABLE KEYS */;
INSERT INTO `city` VALUES (1,'Alameda',5,'AL'),(2,'Alpine',5,'AP'),(3,'Amador',5,'AM'),(4,'Butte',5,'BU'),(5,'Calaveras',5,'CV'),(6,'Colusa',5,'CO'),(7,'Contra Costa',5,'CC'),(8,'Del Norte',5,'DN'),(9,'El Dorado',5,'EL'),(10,'Fresno',5,'FR'),(11,'Glenn',5,'GL'),(12,'Humboldt',5,'HU'),(13,'Imperial',5,'IM'),(14,'Inyo',5,'IN'),(15,'Kern',5,'KR'),(16,'Kings',5,'KN'),(17,'Lake',5,'LK'),(18,'Lassen',5,'LS'),(19,'Los Angeles',5,'LA'),(20,'Madera',5,'MD'),(21,'Marin',5,'MR'),(22,'Mariposa',5,'MP'),(23,'Mendocino',5,'MC'),(24,'Merced',5,'ME'),(25,'Modoc',5,'MO'),(26,'Mono',5,'MN'),(27,'Monterey',5,'MY'),(28,'Napa',5,'NP'),(29,'Nevada',5,'NV'),(30,'Orange',5,'OR'),(31,'Placer',5,'PL'),(32,'Plumas',5,'PM'),(33,'Riverside',5,'RV'),(34,'Sacramento',5,'SA'),(35,'San Benito',5,'ST'),(36,'San Bernardino',5,'SB'),(37,'San Diego',5,'SD'),(38,'San Francisco',5,'SF'),(39,'San Joaquin',5,'SJ'),(40,'San Luis Obispo',5,'SL'),(41,'San Mateo',5,'SM'),(42,'Santa Barbara',5,'SR'),(43,'Santa Clara',5,'SC'),(44,'Santa Cruz',5,'SZ'),(45,'Shasta',5,'SH'),(46,'Sierra',5,'SI'),(47,'Siskiyou',5,'SK'),(48,'Solano',5,'SO'),(49,'Sonoma',5,'SN'),(50,'Stanislaus',5,'SS'),(51,'Sutter',5,'SU'),(52,'Tehama',5,'TE'),(53,'Trinity',5,'TR'),(54,'Tulare',5,'TU'),(55,'Tuolumne',5,'TM'),(56,'Ventura',5,'VE'),(57,'Yolo',5,'YO'),(58,'Yuba',5,'YB');
/*!40000 ALTER TABLE `city` ENABLE KEYS */;
UNLOCK TABLES;

--
-- Table structure for table `city_count`
--

DROP TABLE IF EXISTS `city_count`;
/*!40101 SET @saved_cs_client     = @@character_set_client */;
/*!40101 SET character_set_client = utf8 */;
CREATE TABLE `city_count` (
  `citycountid` int(11) NOT NULL,
  `cityid_cc` int(11) DEFAULT NULL,
  `year` year(4) DEFAULT NULL,
  `count` int(11) DEFAULT NULL,
  `count_sheltered` int(11) DEFAULT NULL,
  `count_unsheltered` int(11) DEFAULT NULL,
  PRIMARY KEY (`citycountid`),
  KEY `cityid_idx` (`cityid_cc`),
  CONSTRAINT `cityid` FOREIGN KEY (`cityid_cc`) REFERENCES `city` (`city_id`) ON DELETE NO ACTION ON UPDATE NO ACTION
) ENGINE=InnoDB DEFAULT CHARSET=utf8;
/*!40101 SET character_set_client = @saved_cs_client */;

--
-- Dumping data for table `city_count`
--

LOCK TABLES `city_count` WRITE;
/*!40000 ALTER TABLE `city_count` DISABLE KEYS */;
INSERT INTO `city_count` VALUES (1,1,2009,4341,2378,1963),(2,2,2009,404,136,268),(3,3,2009,372,150,222),(4,4,2009,689,303,386),(5,5,2009,372,150,222),(6,6,2009,197,74,123),(7,7,2009,2759,887,1872),(8,8,2009,440,20,420),(9,9,2009,146,63,83),(10,10,2009,4345,1888,2457),(11,11,2009,197,74,123),(12,12,2009,1355,355,1000),(13,13,2009,505,157,348),(14,14,2009,445,24,421),(15,15,2009,1499,667,832),(16,16,2009,966,210,756),(17,17,2009,197,74,123),(18,18,2009,508,194,314),(19,19,2009,42694,14050,28644),(20,20,2009,4345,1888,2457),(21,21,2009,1026,597,429),(22,22,2009,322,183,139),(23,23,2009,1202,235,967),(24,24,2009,372,148,224),(25,25,2009,508,194,314),(26,26,2009,862,509,353),(27,27,2009,2407,779,1628),(28,28,2009,314,186,128),(29,29,2009,616,382,234),(30,30,2009,8333,2609,5724),(31,31,2009,616,382,234),(32,32,2009,486,187,299),(33,33,2009,3366,1323,2043),(34,34,2009,2800,1606,1194),(35,35,2009,2407,779,1628),(36,36,2009,2026,768,1258),(37,37,2009,3657,1511,2146),(38,38,2009,5823,2881,2942),(39,39,2009,3005,2840,165),(40,40,2009,3829,242,3587),(41,41,2009,1567,764,803),(42,42,2009,4121,1148,2973),(43,43,2009,7086,2103,4983),(44,44,2009,2265,729,1536),(45,45,2009,340,194,146),(46,46,2009,448,27,421),(47,47,2009,170,133,37),(48,48,2009,829,403,426),(49,49,2009,3247,1025,2222),(50,50,2009,1800,801,999),(51,51,2009,411,303,108),(52,52,2009,197,74,123),(53,53,2009,197,74,123),(54,54,2009,966,210,756),(55,55,2009,372,150,222),(56,56,2009,821,356,171),(57,57,2009,491,202,289),(58,58,2009,411,303,108),(59,1,2011,4178,1966,2212),(60,2,2011,406,137,269),(61,3,2011,406,137,269),(62,4,2011,897,357,540),(63,5,2011,406,137,269),(64,6,2011,322,183,139),(65,7,2011,2415,925,1490),(66,8,2011,448,27,421),(67,9,2011,170,133,37),(68,10,2011,5135,1313,3822),(69,11,2011,322,183,139),(70,12,2011,861,407,454),(71,13,2011,508,194,314),(72,14,2011,448,27,421),(73,15,2011,1439,606,833),(74,16,2011,804,457,347),(75,17,2011,322,183,139),(76,18,2011,510,196,314),(77,19,2011,45422,16882,28540),(78,20,2011,5135,1313,3822),(79,21,2011,862,509,353),(80,22,2011,328,185,133),(81,23,2011,1456,142,1314),(82,24,2011,486,187,299),(83,25,2011,510,196,314),(84,26,2011,864,510,354),(85,27,2011,2699,788,1911),(86,28,2011,486,187,299),(87,29,2011,821,466,355),(88,30,2011,6939,2667,4272),(89,31,2011,821,466,355),(90,32,2011,488,188,300),(91,33,2011,6203,1113,5090),(92,34,2011,2376,1421,955),(93,35,2011,2699,788,1911),(94,36,2011,2825,1133,1692),(95,37,2011,9436,3980,5456),(96,38,2011,5669,2298,3371),(97,39,2011,2540,2293,247),(98,40,2011,2129,228,1901),(99,41,2011,1560,743,800),(100,42,2011,1698,830,868),(101,43,2011,7067,1898,5169),(102,44,2011,2771,646,2125),(103,45,2011,821,356,171),(104,46,2011,448,27,421),(105,47,2011,170,133,37),(106,48,2011,569,334,235),(107,49,2011,4541,1175,3366),(108,50,2011,1434,643,791),(109,51,2011,649,355,294),(110,52,2011,322,183,139),(111,53,2011,322,183,139),(112,54,2011,804,457,347),(113,55,2011,406,137,269),(114,56,2011,821,356,171),(115,57,2011,468,205,263),(116,58,2011,649,355,294),(117,1,2013,4012,1966,2046),(118,2,2013,410,140,270),(119,3,2013,534,145,398),(120,4,2013,1098,545,554),(121,5,2013,410,140,270),(122,6,2013,622,283,339),(123,7,2013,2115,925,1190),(124,8,2013,456,32,424),(125,9,2013,186,154,32),(126,10,2013,6532,1109,5423),(127,11,2013,492,223,296),(128,12,2013,1355,355,1000),(129,13,2013,508,194,314),(130,14,2013,449,28,421),(131,15,2013,1414,550,846),(132,16,2013,764,427,347),(133,17,2013,322,183,139),(134,18,2013,515,199,316),(135,19,2013,48129,16672,31457),(136,20,2013,6135,1310,4825),(137,21,2013,642,507,135),(138,22,2013,335,191,144),(139,23,2013,1656,142,1514),(140,24,2013,586,213,373),(141,25,2013,512,196,316),(142,26,2013,866,511,353),(143,27,2013,2980,788,2192),(144,28,2013,532,193,339),(145,29,2013,1083,556,527),(146,30,2013,4129,2553,1576),(147,31,2013,1021,466,575),(148,32,2013,490,190,300),(149,33,2013,8836,2323,6513),(150,34,2013,2800,1606,1194),(151,35,2013,2897,798,2099),(152,36,2013,3125,1653,1472),(153,37,2013,10912,5980,4932),(154,38,2013,7350,5052,2298),(155,39,2013,2219,1293,926),(156,40,2013,1945,279,1666),(157,41,2013,1560,743,800),(158,42,2013,2771,646,2125),(159,43,2013,7067,1898,5169),(160,44,2013,2771,646,2125),(161,45,2013,823,350,169),(162,46,2013,448,27,421),(163,47,2013,170,133,37),(164,48,2013,369,134,205),(165,49,2013,5541,1875,3366),(166,50,2013,1430,642,788),(167,51,2013,649,355,294),(168,52,2013,522,283,239),(169,53,2013,322,183,139),(170,54,2013,1094,567,527),(171,55,2013,410,140,270),(172,56,2013,821,356,171),(173,57,2013,448,197,263),(174,58,2013,849,397,452);
/*!40000 ALTER TABLE `city_count` ENABLE KEYS */;
UNLOCK TABLES;

--
-- Table structure for table `nation_data`
--

DROP TABLE IF EXISTS `nation_data`;
/*!40101 SET @saved_cs_client     = @@character_set_client */;
/*!40101 SET character_set_client = utf8 */;
CREATE TABLE `nation_data` (
  `nation_id` int(11) NOT NULL AUTO_INCREMENT,
  `year` varchar(45) NOT NULL,
  `count` varchar(45) NOT NULL,
  `type` varchar(45) NOT NULL,
  PRIMARY KEY (`nation_id`)
) ENGINE=InnoDB AUTO_INCREMENT=37 DEFAULT CHARSET=utf8;
/*!40101 SET character_set_client = @saved_cs_client */;

--
-- Dumping data for table `nation_data`
--

LOCK TABLES `nation_data` WRITE;
/*!40000 ALTER TABLE `nation_data` DISABLE KEYS */;
INSERT INTO `nation_data` VALUES (1,'2005','763010','Overall'),(2,'2005','444027','Individuals'),(3,'2005','318983','People in Families'),(4,'2005','175914','Chronic Individuals'),(5,'2006','759101','Overall'),(6,'2006','452580','Individuals'),(7,'2006','306521','People in Families'),(8,'2006','155623','Chronic Individuals'),(9,'2007','671888','Overall'),(10,'2007','423377','Individuals'),(11,'2007','248511','People in Families'),(12,'2007','123833','Chronic Individuals'),(13,'2008','664414','Overall'),(14,'2008','415202','Individuals'),(15,'2008','249212','People in Families'),(16,'2008','124135','Chronic Individuals'),(17,'2009','643067','Overall'),(18,'2009','404957','Individuals'),(19,'2009','238110','People in Families'),(20,'2009','110917','Chronic Individuals'),(21,'2010','649917','Overall'),(22,'2010','407966','Individuals'),(23,'2010','241951','People in Families'),(24,'2010','109812','Chronic Individuals'),(25,'2011','636017','Overall'),(26,'2011','399836','Individuals'),(27,'2011','236181','People in Families'),(28,'2011','107148','Chronic Individuals'),(29,'2012','633782','Overall'),(30,'2012','394379','Individuals'),(31,'2012','239403','People in Families'),(32,'2012','99894','Chronic Individuals'),(33,'2013','610042','Overall'),(34,'2013','387845','Individuals'),(35,'2013','222197','People in Families'),(36,'2013','92593','Chronic Individuals');
/*!40000 ALTER TABLE `nation_data` ENABLE KEYS */;
UNLOCK TABLES;

--
-- Table structure for table `service`
--

DROP TABLE IF EXISTS `service`;
/*!40101 SET @saved_cs_client     = @@character_set_client */;
/*!40101 SET character_set_client = utf8 */;
CREATE TABLE `service` (
  `serviceid` int(11) NOT NULL,
  `servicename` varchar(45) DEFAULT NULL,
  `servicedesc` varchar(100) DEFAULT NULL,
  PRIMARY KEY (`serviceid`)
) ENGINE=InnoDB DEFAULT CHARSET=utf8;
/*!40101 SET character_set_client = @saved_cs_client */;

--
-- Dumping data for table `service`
--

LOCK TABLES `service` WRITE;
/*!40000 ALTER TABLE `service` DISABLE KEYS */;
INSERT INTO `service` VALUES (1,'housing','HOUSING AND SHELTER SERVICES'),(2,'food','FOOD SERVICES'),(3,'crisis services','CRISIS SERVICES'),(4,'youth programs','YOUTH PROGRMS'),(5,'employment','EMPLOYMENT PROGRAMS'),(6,'advocacy','ADVOCACY SERVICES'),(7,'medical services','MEDICAL SERVICES'),(8,'financial ','FINANCIAL SERVICES'),(9,'thrifty','THRIFTY SERVICES'),(10,'veterans','VETERANS SERVICES'),(11,'Senior citizens','SENIOR CITIZENS SERVICES'),(12,'disability ','DISABILITY SERVICES');
/*!40000 ALTER TABLE `service` ENABLE KEYS */;
UNLOCK TABLES;

--
-- Table structure for table `serviceinfo`
--

DROP TABLE IF EXISTS `serviceinfo`;
/*!40101 SET @saved_cs_client     = @@character_set_client */;
/*!40101 SET character_set_client = utf8 */;
CREATE TABLE `serviceinfo` (
  `serviceinfoid` int(11) NOT NULL,
  `serviceid_si` int(11) DEFAULT NULL,
  `cityid_si` int(11) DEFAULT NULL,
  `name` varchar(100) DEFAULT NULL,
  `address` varchar(100) DEFAULT NULL,
  `url` varchar(60) DEFAULT NULL,
  `phone` varchar(45) DEFAULT NULL,
  PRIMARY KEY (`serviceinfoid`),
  KEY `servideid_idx` (`serviceid_si`),
  KEY `cityid_idx` (`cityid_si`),
  CONSTRAINT `city_id` FOREIGN KEY (`cityid_si`) REFERENCES `city` (`city_id`) ON DELETE NO ACTION ON UPDATE NO ACTION,
  CONSTRAINT `servideid` FOREIGN KEY (`serviceid_si`) REFERENCES `service` (`serviceid`) ON DELETE NO ACTION ON UPDATE NO ACTION
) ENGINE=InnoDB DEFAULT CHARSET=utf8;
/*!40101 SET character_set_client = @saved_cs_client */;

--
-- Dumping data for table `serviceinfo`
--

LOCK TABLES `serviceinfo` WRITE;
/*!40000 ALTER TABLE `serviceinfo` DISABLE KEYS */;
INSERT INTO `serviceinfo` VALUES (1,1,19,'Los Angeles Mission ','303 East 5th Street  Los Angeles  CA 90015','https://losangelesmission.org','(213) 629-1227'),(2,1,19,'Downtown Womens Center ','442 South San Pedro Street  Los Angeles CA 90015','http://www.layn.org','(213) 680-060'),(3,1,19,'Union Rescue Mission ','545 South San Pedro Street Los Angeles  CA 90015','http://urm.org','(213) 347-6300 '),(4,1,19,'St. Vincent de Paul Council of Los Angeles.','231 Winston Street Los Angeles CA 90015','http://www.svdpla.org','(213) 229-9963'),(5,1,19,'Weingart Center Association ','566 South San Pedro Street Los Angeles CA 90003','http://www.weingart.org','(213) 627-9000'),(6,1,19,'People Assisting the Homeless ','5627 Fernwood Avenue Los Angeles CA 90003','http://www.epath.org','(323) 960-3333'),(7,2,19,'SOVA West Food Pantry','8846 W Pico Blvd Los Angeles CA 90035','https://risus.Duis.aamet.org','310-288-0286'),(8,2,19,'The Midnight Mission','601 S San Pedro St Los Angeles CA','www.midnightmission.org','(213) 624-9258'),(9,2,19,'Union Rescue Mission','545 S San Pedro St Los Angeles CA','www.urm.org','(213) 347-6300'),(10,2,19,'Food On Foot','Los Angeles CA','www.foodonfoot.org','(310) 442-0088'),(11,2,19,'Holman United Methodist Church Food Pantry','3320 W Adams Blvd Los Angeles CA 90018','http://www.homelessshelterdirectory.org/','323-731-7285'),(12,2,19,'One voice ','The Barker Hangar 3021 Airport Avenue CA 90405','http://onevoice-la.org/holiday-program/','(213) 357-4500 '),(13,3,19,'Ronald Reagan UCLA Medical Center ','757 Westwood Plaza Los Angeles CA','https://www.uclahealth.org','(310) 825-8611'),(14,3,19,'Temple Community Hospital ','235 North Hoover Street Los Angeles CA','https://www.templecommunityhospital.com','(213) 382-7252'),(15,3,19,'USC University Hospital ','1500 San Pablo Street Los Angeles CA','https://www.uscuniversityhospital.org','(888) 700-5700'),(16,3,19,'Hollywood Presbyterian Medical Center ','1300 North Vermont Avenue Los Angeles CA','https://www.hollywoodpresbyterian.com','(213) 413-3000'),(17,3,19,'Olympia Medical Center ','5900 West Olympic Boulevard Los Angeles CA','https://www.olympiamc.com','(310) 657-5900'),(18,3,19,'White Memorial Medical Center ','Los Angeles California','https://www.whitememorial.com','(323) 268-5000'),(19,4,19,'Los Angeles Youth Network ','1754 Taft Avenue Los Angeles California','http://www.layn.org','(323) 467-8466'),(20,4,19,'Tutor Homeless Youth in Downtown Los Angeles','600E 7th StLos Angeles CA9002','http://www.volunteermatch.org/','(213) 347-6200 '),(21,4,19,'Hollywood Homeless Youth Partnership','4650 Sunset Blvd MS#2 Los Angeles CA 90027','http://hhyp.org/','(213) 347-6300 '),(22,4,19,'California Youth Crisis Line','645 S San Pedro St Los Angeles CA','https://www.Donecest@pedeultricesa.org','(773) 880-9860'),(23,4,19,'National Runaway Safeline','3080 N. Lincoln Ave  Los Angeles CA','https://www.1800RUNAWAY.org.','1-800-843-5200'),(24,4,19,'Children\'s Activities Coordinator','8846 W Pico Blvd. Los Angeles CA 90035','http://www.indeed.com/','(213) 229-9954'),(25,5,19,'Kelly Services  Inc.','617 West 7th Street #504  Los Angeles CA','kellyservices.us','(213) 622-8920'),(26,5,19,'Select Staffing ','801 South Grand Avenue #125  Los Angeles CA','selectstaffing.com','213) 408-0262'),(27,5,19,'Labor Ready ','4211 Santa Monica Boulevard  Los Angeles CA','laborready.com','(323) 663-4393 '),(28,5,19,'Reliable Resources Inc ','5254 Pomona Boulevard  Los Angeles CA','reliableresources.com','(323) 722-1318'),(29,5,19,'Sober Nexus ','927 North Vista Street  Los Angeles CA','sobernexus.com','(323) 592-0379'),(30,5,19,'Homeless Outreach Program ','5715 S Broadway # 1  Los Angeles CA','hopics.org','(323) 541-0786'),(31,6,19,'People Assisting the Homeless ','5627 Fernwood Avenue  Los Angeles CA','epath.org','(323) 960-3333'),(32,6,19,'Emmanuel Baptist Rescue Mission ','530 East 5th Street  Los Angeles CA','ebrm.org','(213) 626-4681'),(33,6,19,'Kaiser Permanente Medical Care ','765 West College Street  Los Angeles CA','health.kaiserpermanente.org','(213) 580-7200'),(34,6,19,'The Rumor Mill ','11739 West Washington Boulevard  Los','therumormill.us','(310) 397-5400'),(35,6,19,'Los Angeles County Health Services ','550 S Vermont Ave # 12  Los Angeles CA','dmh.lacounty.gov','(213) 351-5085'),(36,6,19,'Los Angeles County Mental Health ','1720 East 120th Street  Los Angeles CA','dmh.lacounty.gov','(310) 668-4790'),(37,7,19,'Cedars-Sinai Medical Center ','Los Angeles CAlifornia','cedars-sinai.edu','(310) 423-3277'),(38,7,19,'Good Samaritan Hospital ','1225 Wilshire Boulevard  Los Angeles CA','goodsam.org','(213) 977-2121'),(39,7,19,'Children\'s Hospital Los Angeles ','4650 Sunset Boulevard  Los Angeles CA','chla.org','(323) 660-2450 '),(40,7,19,'Saint Vincent Medical Center ','2131 West 3rd Street  Los Angeles CA','stvincentmedicalcenter.com','(213) 484-7111 '),(41,7,19,'Ronald Reagan UCLA Medical Center ','757 Westwood Plaza  Los Angeles CA','uclahealth.org','(310) 825-8611'),(42,7,19,'Temple Community Hospital ','235 North Hoover Street  Los Angeles CA','templecommunityhospital.com','(213) 382-7252'),(43,8,19,'Legal Aid Foundation of Los Angeles','432 West 10th Street  Los Angeles CA','http://www.lafla.org/','(213) 382-0190'),(44,8,19,'AmeriCorps','3407 W 6th St # 700  Los Angeles CA','http://www.nationalservice.gov/programs/americorps','213) 482-1834'),(45,8,19,'Cash Assistance Program for Immigrants','231 Winston Street  Los Angeles CA','http://www.ladpss.org/programs.cfm','(213) 229-9963'),(46,8,19,'Federal Reserve Bank','950 South Grand Avenue  Los Angeles CA','frbsf.org','(213) 683-2300'),(47,8,19,'Los Angeles County - Red  White  and Blue Book','445 S Figueroa St # 2700  Los Angeles CA','http://www.redwhiteandbluebook.org/','(213) 596-4855'),(48,8,19,'Hoffman and Associates ','5900 Wilshire Boulevard #2600  Los Angeles CA','hoffmanlawoffice.com','(323) 655-3900'),(49,9,19,'LAHSA Emergency Response Team (ERT)','432 West 10th Street  Los Angeles CA','','(213) 225-6581'),(50,9,19,'La Voz Sylmar Valley Food Pantry','13550 Herron  Sylmar','','(818) 765-3350'),(51,9,19,'Hospitality (Hippie) Kitchen','821 East 6th St.  Los Angeles','','(213) 614-9615'),(52,9,19,'Grace Resource Center','45134 N. Sierra Hwy  Lancaster','','(661) 940-5272'),(53,9,19,'Interfaith Food Center','14545 Leffingwell  Whittier','','(562) 903-1478'),(54,9,19,'West Valley Food Pantry','5700 Rudnick  Woodland Hills','','(818) 346-5554'),(55,10,19,'National Veterans Foundation ','9841 Airport Blvd Suite 418  Los Angeles CA','https://www.nvf.org','(310) 642-0255'),(56,10,19,'US Veterans Affairs Department ','FEREDAL BUILDING Wilshire Boulevard  Los Angeles CA','https://www.va.gov','(800) 827-1000'),(57,10,19,'Disabled American Veterans ','11000 Wilshire Blvd # 5227  Los Angeles CA','https://www.dav.org','(310) 477-2539'),(58,10,19,'American Legion ','3828 West Slauson Avenue  Los Angeles CA','https://www.legion.org','(323) 298-0308'),(59,10,19,'United Service Organizations ','203 World Way # 200  Los Angeles CA','https://www.bobhopeuso.org','(310) 645-3716'),(60,10,19,'VA West Los Angeles Healthcare Center ','11301 Wilshire Boulevard #6005  Los Angeles CA','https://www.losangeles.va.gov','(310) 478-3711'),(61,11,19,'West Hollywood Senior Center ','7377 Santa Monica Boulevard  West Hollywood ','','(323) 461-4363'),(62,11,19,'Retired Senior Volunteer Prog ','6671 Yucca Street  Los Angeles CA','https://www.maof.org','(323) 266-6408'),(63,11,19,'Senior Citizens-Freda Mohr Center ','330 North Fairfax Avenue  Los Angeles CA','','(323) 937-5902'),(64,11,19,'People Coordinated Services ','2475 West Washington Boulevard  Los Angeles ','https://www.pcs-socal.org','(213) 680-9739'),(65,11,19,'Wlcac Theresa Lindsay Center ','429 East 42nd Place  Los Angeles CA','https://www.wlcac.org','(323) 851-8202'),(66,11,19,'Commerce City Senior Citizens ','2555 Commerce Way  Commerce  CA','','(323) 887-4430'),(67,12,19,'Disabled American Veterans ','11000 Wilshire Blvd # 5227  Los Angeles CA','https://www.dav.org','(310) 477-2539'),(68,12,19,'Poverello house','Poverello House  PO Box 12225  CA 93777-2225','http://www.poverellohouse.org/','(559) 498-6988'),(69,12,19,'Eden housing','Eden Housing  Eden Housing  LA','http://www.edenhousing.org/','(510) 582-1460'),(70,12,19,'Phoenix House Sober Living','Los Angeles CA 90019','http://www.shelterlistings.org/','1 800 378 4435'),(71,12,19,'Hope For Life Inc','1624 W 84th Pl  Los Angeles CA 90047','','877-727-1119'),(72,12,19,'Disabled American Veterans','11301 Wilshire Boulevard #6005  Los Angeles ','losangeles.va.gov','(310) 478-3711'),(73,1,43,'Bill Wilson Center ','3490 The Alameda   Santa Clara   CA','billwilsoncenter.org','(408) 243-0222'),(74,1,43,'Innvision ','358 North Montgomery Street   San Jose   CA','innvision.org','(408) 271-5160'),(75,1,43,'The Salvation Army ','359 North 4th Street   San Jose   CA','salvationarmysiliconvalley.org','(408) 282-1165'),(76,1,43,'CityTeam Ministries- Men\'s Shelter ','1174 Old Bayshore Highway   San Jose   CA','cityteam.org','(408) 288-2153'),(77,1,43,'San Jose Family Shelter ','1590 Las Plumas Avenue   San Jose   CA','sjfamilyshelter.org','(408) 926-8885'),(78,1,43,'Cardea Center for Women ','1922 The Alameda   San Jose   CA','cardeacenterforwomen.org','(650) 740-8161'),(79,1,43,'Sunrise Village ','588 Brown Road   Fremont   CA','abodeservices.org','(510) 252-0910'),(80,1,43,'Save the Dogs ','650 Hamilton Lane   Santa Clara   CA','','(650) 623-5719 '),(81,1,43,'Innvision Commercial St Inn ','260 Commercial Street   San Jose   CA','innvision.org','(408) 271-1630'),(82,1,43,'Innvision Steven\'s House ','435 South 10th Street   San Jose   CA','innvision.org','(408) 280-7019'),(83,2,43,'Second Harvest Food Bank','San Jose   CA 95125','','(408) 266-8866'),(84,2,43,'Martha\'s Kitchen','San Jose   CA 95110','www.marthas-kitchen.org','(408) 293-6111'),(85,2,43,'Community Service Agency of Mountain View and Los Altos','Mountain View   CA 94043','',''),(86,2,43,'Food On Foot','Santa Clara CA','www.foodonfoot.org','(310) 442-0088'),(87,2,43,'Holman United Methodist Church Food Pantry','3320 W Adams Blvd San Jose CA 90018','http://www.homelessshelterdirectory.org/','323-731-7285'),(88,2,43,'One voice ','The Barker Hangar 3021 Airport Avenue CA 90405','http://onevoice-la.org/holiday-program/','(213) 357-4500 '),(89,3,43,'Mountain View    CA','San Jose','http://www.sccsacs.org/','(408) 279-3312'),(90,3,43,'Occupational Health Services ','625 Ellis Street #100   Mountain View   CA','mhn.com','(650) 988-4825'),(91,3,43,'Next Door','234 E Gish Road   Suite 200   San Jose   CA 95112','','1.800.279.2962'),(92,3,43,'Support Network for Battered Women Services','375 S. Third Avenue   San Jose   CA 95112','','800.572.2782'),(93,3,43,'Olympia Medical Center ','5900 West Olympic Boulevard Santa Clara CA','https://www.olympiamc.com','(310) 657-5900'),(94,3,43,'White Memorial Medical Center ','San Jose California','https://www.whitememorial.com','(323) 268-5000'),(95,4,43,'Bay Area Legal Aid','2 West Santa Clara Street    8th floor','http://www.scchousingsearch.org/',''),(96,4,43,'Bill Wilson Center','3490 The Alameda    Santa Clara','templecommunityhospital.com','(213) 382-7252'),(97,4,43,'Eastfield Ming Quong','251 Llewellyn Avenue    San Jose ','http://www.lafla.org/','(213) 382-0190'),(98,4,43,'Unity Care','237 Race Street','http://www.nationalservice.gov/programs/americorps','213) 482-1834'),(99,4,43,'Pathway Society    Inc.','11659 Scott Boulevard    Suite 31    Santa Clara','http://www.ladpss.org/programs.cfm','(213) 229-9963'),(100,4,43,'Valley Medical Call Center','650 Hamilton Lane   Santa Clara   CA','frbsf.org','(213) 683-2300'),(101,5,43,'Coast Personnel Services ','2295 De La Cruz Boulevard   Santa Clara   CA','coastjobs.com','(408) 653-2100'),(102,5,43,'Spherion ','3375 Scott Boulevard   Santa Clara   CA','spherion.com','(408) 727-5301'),(103,5,43,'Benchmark ','2350 Mission College Boulevard #800   Santa','benchmarchstaffing.com','(408) 961-6462'),(104,5,43,'American Labor Pool Inc. ','1725 De La Cruz Boulevard   Santa Clara   CA','americanlaborpool.com','(408) 496-9950'),(105,5,43,'Accountemps ','2350 Mission College Boulevard #800   Santa','accountemps.com','(408) 844-9101'),(106,5,43,'Corestaff Services ','275 Saratoga Avenue   Santa Clara   CA','corestaff.com','(408) 984-7203'),(107,5,43,'Staffmark ','Mc Candless Towers   3945 Freedom Circle #660   Santa Clara   CA','staffmark.com','(408) 496-5450'),(108,5,43,'Spec Personnel ','1900 Lafayette Street   Santa Clara   CA','','(408) 727-8000 '),(109,5,43,'Interplace Inc ','Executive Offices- Bowers Office Center   3333 Bowers Avenue   Santa Clara   CA','interplace-agency.com','(408) 919-0577'),(110,6,43,'Synaptics Inc ','3120 Scott Boulevard   Santa Clara   CA','synaptics.com','(408) 454-5100'),(111,6,43,'Wade Law Group ','5201 Great America Parkway   Santa Clara   CA','wadesilverstein.com','(408) 850-7259'),(112,6,43,'Law Offices of Keith C. Bower ','900 Lafayette Street   Santa Clara   CA','bowerlawoffices.com','(408) 261-1200'),(113,6,43,'Affordable & Express Legal Assistance ','100 North Winchester Boulevard   Santa Clara  ','expressparalegal.net','(408) 247-5100'),(114,6,43,'Applied Materials Inc ','2881 Scott Boulevard   Santa Clara   CA','appliedmaterials.com','(408) 563-0959'),(115,6,43,'UPS Store ','Mariposa Gardens Shopping Center   2784 Homestead Road   Santa Clara   CA','theupsstorelocal.com','(408) 247-4010'),(116,6,43,'Law Offices of Michel J. Rouhani ','2005 De La Cruz Boulevard #165   Santa Clara  ','topsanjoselawyer.com','(408) 275-1919'),(117,6,43,'The Mlnarik Law Group    Inc. ','2930 Bowers Avenue   Santa Clara   CA','mlnariklaw.com','(408) 919-0088'),(118,6,43,'Campbell Law Office ','Airport Park Garden Office Suites. 1400 Coleman Avenue   Santa Clara   CA','lawcampbell.com','(408) 988-3200'),(119,6,43,'Law Office of Daniel Dezhan Li ','2005 De La Cruz Boulevard #292   Santa Clara  ','dli-law.com','(408) 844-8984'),(120,7,43,'Santa Clara Pet Hospital ','830 Kiely Boulevard   Santa Clara   CA','santaclarapethospital.com','(408) 296-5857'),(121,7,43,'Kaiser Permanente Santa Clara Medical Center ','700 Lawrence Expressway   Santa Clara   CA','kaiserpermanente.org','(408) 851-1000'),(122,7,43,'Palo Alto Medical Foundation-Santa Clara Center ','2734 El Camino Real   Santa Clara   CA','pamf.org','(408) 241-3801'),(123,7,43,'Walgreens Store Santa Clara ','2012 El Camino Real   Santa Clara   CA','walgreens.com','(408) 246-1054'),(124,7,43,'Examone ','2905 Stender Way #32   Santa Clara   CA','','(408) 330-0811'),(125,7,43,'Walgreens Store Santa Clara ','3460 El Camino Real   Santa Clara   CA','','(408) 261-1047 '),(126,7,43,'Lumiquick Diagnostics Inc ','2946 Scott Boulevard   Santa Clara   CA','lumiquick.com','(408) 855-0061'),(127,7,43,'SVMA - Silicon Valley Medical Associates','885 Scott Boulevard #5   Santa Clara   CA','svmaonline.com','(408) 354-3129'),(128,7,43,'Kaiser Permanente ','700 Lawrence Expressway   Santa Clara   CA','kaiserpermanente.org','(408) 851-1000'),(129,8,43,'InnVision Cecil White Center','350 North Montgomery Street','',''),(130,8,43,'William A Miller Attorneys ','7530 Pine Street    Santa Clara CA','','(209) 523-9125 '),(131,8,43,'Douglas & Jayne Starn ','6621 Blue Gum Road    Santa Clara CA','','(209) 883-4886 '),(132,8,43,'Alfred Black ','4207 Washington Rd    Santa Clara CA','','(209) 537-4166 '),(133,8,43,'Thomas Hogan Law Office ','1207 13th Street    San Jose CA','tomhoganlaw.com','(209) 214-6600'),(134,8,43,'We the People','1347 McHenry Avenue    Modesto    CA','wethepeopleusa.com','209) 523-8227'),(135,9,43,'Goodwill','2800 El Camino Real   Santa Clara   CA','goodwill.org','(408) 247-2800'),(136,9,43,'Salvation Army Thrift Store ','1494 Halford Avenue   Santa Clara   CA','salvationarmy.org','(408) 249-1715'),(137,9,43,'St Justin Catholic Church ','2655 Homestead Road   Santa Clara   CA','st-justin.org','(408) 243-1462'),(138,9,43,'American Apparel ','2855 Stevens Creek Boulevard   Santa Clara  ','americanapparel.net','(408) 261-1895'),(139,9,43,'ContractorsThriftStore.com    Inc. ','3381 Stevens Creek Boulevard   Santa Clara  ','contractorsthriftstore.com','(408) 247-6700'),(140,9,43,'Crossroads Trading Co. ','1959 West San Carlos Street   San Jose   CA','crossroadstrading.com','(408) 292-6100'),(141,9,43,'Resale Warehouse ','312 Martin Avenue   Santa Clara   CA','',''),(142,9,43,'Savers ','1545 Parkmoor Avenue   San Jose   CA','savers.com','(408) 287-0591'),(143,9,43,'The Salvation Army: Thrift Store ','702 West Taylor Street   San Jose   CA','salvationarmy.org','(408) 298-7605'),(144,9,43,'Goodwill ','1080 North 7th Street   San Jose   CA','goodwillsv.org','(408) 998-5774'),(145,10,43,'American Legion ','2120 Walsh Avenue   Santa Clara   CA','americanlegionpost564.org','(408) 727-7400'),(146,10,43,'Veterans of Foreign Wars ','2191 El Camino Real   Santa Clara   CA','vfw.org','(408) 243-5150'),(147,10,43,'American Legion ','958 Homestead Road   Santa Clara   CA','santaclara419.org','(408) 244-3050'),(148,10,43,'County of Santa Clara: Veterans Services','68 North Winchester Boulevard   Santa Clara   CA','sccgov.org','(408) 553-6000'),(149,10,43,'San Jose Vet Center ','278 North 2nd Street   San Jose   CA','va.gov','(408) 993-0729'),(150,10,43,'West Valley College: Veterans Resource','Saratoga   CA','westvalley.edu','(408) 867-2200'),(151,10,43,'KOAM Korean War Meritorius ','2175 The Alameda # 109   San Jose   CA','','(408) 260-8180 '),(152,10,43,'San Jose GI Forum ','765 Story Road   San Jose   CA','sjgif.org','(408) 288-9470'),(153,10,43,'For The Birds ','1136 South De Anza Boulevard   San Jose   CA','forthebirdsdvm.com','(408) 255-1739'),(154,10,43,'Stanford/Va Alzheimer\'s Center ','3801 Miranda Avenue   Palo Alto   CA','paloalto.va.gov','(650) 493-0641'),(155,11,43,'Santa Clara Senior Center ','1303 Fremont Street   Santa Clara   CA','kpschvolunteers.org','(408) 615-3170'),(156,11,43,'Heart-The Valley Services-Seniors ','1550 El Camino Real   Santa Clara   CA','','(408) 241-1571'),(157,11,43,'City of San Jose: Cypress Senior Center','403 South Cypress Avenue   San Jose   CA','sanjoseca.gov','(408) 244-1353'),(158,11,43,'Sunnyvale City Senior Center ','550 East Remington Drive   Sunnyvale   CA','sunnyvale.ca.gov','(408) 730-7360'),(159,11,43,'Yu-Ai Kai ','588 North 4th Street   San Jose   CA','yuaikai.org','(408) 294-2505'),(160,11,43,'Creative Care Options ','2518 Fernwood Avenue   San Jose   CA','creativecareoptions.com','(408) 247-2514'),(161,11,43,'Pruneridge Residential Care Home ','3030 Pruneridge Avenue   Santa Clara   CA','providerdata.com','(408) 504-1809'),(162,11,43,'On Lok ','299 Stockton Avenue   San Jose   CA','onlok.org','(408) 535-4600'),(163,11,43,'John XXIII Multi-Services Center ','195 East San Fernando Street   San Jose   CA','catholiccharitiesscc.org','(408) 282-8600'),(164,11,43,'City of Cupertino: Senior Center ','21251 Stevens Creek Boulevard   Cupertino   CA','cupertino.org','(408) 777-3150'),(165,12,43,'Disabled American Veterans ','11000 Wilshire Blvd # 5227  San Jose CA','tomhoganlaw.com','(310) 477-2539'),(166,12,43,'Poverello house','Poverello House  PO Box 12225  CA 93777-2225','','(559) 498-6988'),(167,12,43,'Eden housing','Eden Housing  Eden Housing  CA','goodwill.org','(510) 582-1460'),(168,12,43,'Phoenix House Sober Living','Santa Clara  90019','salvationarmy.org','1 800 378 4435'),(169,12,43,'Hope For Life Inc','1624 W 84th Pl  Santa Clara CA 90047','st-justin.org','877-727-1119'),(170,12,43,'Disabled American Veterans','11301 Wilshire Boulevard #6005  Santa Clara ','losa.va.gov','(310) 478-3711'),(171,1,44,'Homeless Services Center ','115A Coral Street    Santa Cruz    CA','scshelter.org','(831) 458-6020'),(172,1,44,'Homeless Persons Health Project ','115 Coral Street    Santa Cruz    CA','santacruzhealth.org','(831) 454-2080'),(173,1,44,'Capacitar ','212 Laurel Street    Santa Cruz    CA','capacitar.org','(831) 471-9215'),(174,1,44,'New Life Center Church ','Santa Cruz    CA','nlcsonline.org','(831) 425-1120'),(175,1,44,'Women\'s Crisis Support- Defensa de Mujeres ','233 East Lake Avenue    Watsonville    CA','wcs-ddm.org','(831) 722-4532'),(176,2,44,'Homeless Garden Project','30 W Cliff Dr    Santa Cruz    CA    United States','www.homelessgardenproject.org','+1 831-426-3609'),(177,2,44,'Loaves & Fishes_','San Jose Soup Kitchen','www.loavesfishes.org/_','+1 408-998-1500'),(178,2,44,'Meals Served','Martha','www.midnightmission.org','(213) 624-9258'),(179,2,44,'City Team Mission',' 580 Charles Stree','www.urm.org','(213) 347-6300'),(180,2,44,'Second Harvest Food Bank','750 Curtner Avenue','www.foodonfoot.org','(310) 442-0088'),(181,3,44,'Santa Cruz County Mental Health ','1400 Emeline Avenue    Santa Cruz    CA','santacruzhealth.org','(831) 454-4170'),(182,3,44,'Mental Health Client Action ','1051 Cayuga Street    Santa Cruz    CA','mhcan.org','(831) 469-0462'),(183,3,44,'New Life Center Church ','Santa Cruz    CA','nlcsonline.org','(831) 425-1120'),(184,3,44,'Next Door Solutions To Domestic Violence ','234 East Gish Road    San Jose    CA','nextdoor.org','(408) 501-7550'),(185,3,44,'Spherion ','720 River Street    Santa Cruz    CA','spherion.com','(831) 459-0720'),(186,3,44,'Waves for Success','613 Beach Street    Santa Cruz    CA','877) 332-3123','877) 332-3123'),(187,4,44,'Youth Services ','709 Mission Street    Santa Cruz    CA','scccc.org','(831) 429-8350'),(188,4,44,'Santa Cruz Counseling ','303 Potrero Street    Santa Cruz    CA','wethepeopleusa.com','(831) 331-9140'),(189,4,44,'New Life Recovery Centers ','782 Park Avenue #1    San Jose    CA','newliferecoverycenters.com','(408) 297-1182'),(190,4,44,'Escalade Recovery Sober Living Environment','80 South 19th Street    San Jose    CA','escaladerecovery.com','408) 998-4405 '),(191,4,44,'West Coast Recovery','5669 Snell Avenue    San Jose    CA','wcrecovery.com','(408) 281-4669'),(192,4,44,'Janus of Santa Cruz','200 7th Avenue    Santa Cruz    CA','janussc.org','(831) 462-1060'),(193,5,44,'Express Employment ','9000 Soquel Avenue    Santa Cruz    CA','santacruzca.expresspros.com','(831) 462-1202'),(194,5,44,'Kelly Services    Inc. ','1414 Soquel Avenue #105    Santa Cruz    CA','kellyservices.us','(831) 425-0653'),(195,5,44,'Santa Cruz Staffing ','312 Locust Street    Santa Cruz    CA','','(831) 423-8888'),(196,5,44,'Spherion ','720 River Street    Santa Cruz    CA','spherion.com','(831) 459-0720'),(197,5,44,'Waves for Success ','613 Beach Street    Santa Cruz    CA','wavesforsuccess.com','(877) 332-3123'),(198,5,44,'Annie\'s Nannies & Domestic Staff    LLC ','343 Soquel Avenue    Santa Cruz    CA','anniesnanniesagency.com','(831) 469-4095'),(199,5,44,'Manpower ','2001 40th Avenue    Capitola    CA','us.manpower.com','(831) 476-6666'),(200,5,44,'Labor Ready ','5157 Soquel Drive    Soquel    CA','laborready.com','(831) 475-9292'),(201,5,44,'Rose Cottage ','335 12th Avenue    Santa Cruz    CA','rosecottagesantacruz.com','(831) 476-5560'),(202,5,44,'Kula Consulting Inc ','125 Mission Street    Santa Cruz    CA','kulaconsulting.com','(408) 329-4300'),(203,6,44,'Plantronics Inc ','345 Encinal Street    Santa Cruz    CA','plantronics.com','(831) 426-5858'),(204,6,44,'Mary E. Conn & Associates - San Jose Criminal','Lawyer ','santa-cruz-law.com','(831) 471-7103'),(205,6,44,'John W. Thornton    Attorney at Law ','303 Potrero St    Santa Cruz    CA','duisantacruz.com','(831) 426-5800'),(206,6,44,'Collaborative Practice ','550 Water Street    Santa Cruz    CA','collaborativepracticesantacruz.com','(831) 459-7400 '),(207,6,44,'Lipowitz Sara J Law Office of ','303 Potrero Street    Santa Cruz    CA','lipowitzsolutions.com','(831) 427-0546'),(208,6,44,'Family Assets Planning ','303 Potrero Street #52    Santa Cruz    CA','familyassetsplanning.com','(831) 600-7017'),(209,6,44,'Special Education Law ','55 River Street    Santa Cruz    CA','specialeducationlaw.net','(831) 458-9900'),(210,6,44,'LAW OFFICES OF GEOFFREY W. RAWLINGS ','740 Front Street #115    Santa Cruz    CA','gwrlaw.com','(831) 423-2300'),(211,6,44,'Prometheus: A Social Justice Law Firm ','406 Mission Street    Santa Cruz    CA','sanfranciscobayarealaw.com','(510) 910-3198'),(212,6,44,'Divorce Helpline ','406 Mission Street    Santa Cruz    CA','divorcehelp.com','(831) 459-6000'),(213,7,44,'Dominican Hospital ','1555 Soquel Drive    Santa Cruz    CA','dominicanhospital.org','(831) 462-7700'),(214,7,44,'Sutter Maternity And Surgery Center ','2900 Chanticleer Avenue    Santa Cruz    CA','suttermatsurgcenter.org','(831) 477-2200'),(215,7,44,'Palo Alto Medical Foundation ','2025 Soquel Avenue    Santa Cruz    CA','pamf.org','(831) 423-4111'),(216,7,44,'Santa Cruz Surgery Center ','3003 Paul Sweet Road    Santa Cruz    CA','santacruzsurgerycenter.com','(831) 462-5512'),(217,7,44,'Five Branches University: College of Traditional','Chinese Medicine ','fivebranches.edu','(831) 476-9424'),(218,7,44,'Palo Alto Medical Foundation ','115 Locust Street    Santa Cruz    CA','pamf.org','(831) 458-5670'),(219,7,44,'Walgreens ','1718 Soquel Avenue    Santa Cruz    CA','walgreens.com','(831) 425-3911'),(220,7,44,'Radiology Medical Group of Santa Cruz County ','1661 Soquel Drive    Santa Cruz    CA','rmgscc.com','(831) 476-7711'),(221,7,44,'Santa Cruz Integrative Medicine & Chi Center ','21511 East Cliff Drive    Santa Cruz    CA','santacruzchicenter.com','(831) 465-9088'),(222,7,44,'Center For Lifestyle Management ','610 Frederick Street    Santa Cruz    CA','dominicanhospital.org','(831) 457-7077'),(223,8,44,'Legal Aid Foundation of Santa Cruz','432 West 10th Street   Santa Cruz CA','http://www.lafla.org/','(213) 382-0190'),(224,8,44,'AmeriCorps','3407 W 6th St # 700   Santa Cruz CA','http://www.nationalservice.gov/programs/americorps','213) 482-1834'),(225,8,44,'Cash Assistance Program for Immigrants','231 Winston Street   Santa Cruz CA','http://www.ladpss.org/programs.cfm','(213) 229-9963'),(226,8,44,'Federal Reserve Bank','950 South Grand Avenue   Santa Cruz CA','frbsf.org','(213) 683-2300'),(227,8,44,'Santa Cruz County - Red  White  and Blue Book','445 S Figueroa St # 2700   Santa Cruz CA','http://www.redwhiteandbluebook.org/','(213) 596-4855'),(228,8,44,'Hoffman and Associates ','5900 Wilshire Boulevard #2600  Santa Cruz CA','hoffmanlawoffice.com','(323) 655-3900'),(229,9,44,'California Grey Bears ','2710 Chanticleer Avenue    Santa Cruz    CA','greybears.org','(831) 479-1055'),(230,9,44,'Goodwill ','204 Union Street    Santa Cruz    CA','goodwill.org','(831) 423-1078'),(231,9,44,'Thrift Center ','521 Front Street    Santa Cruz    CA','','(831) 429-697'),(232,9,44,'Cognito Clothing ','821 Pacific Avenue    Santa Cruz    CA','cognitoclothing.com','(831) 426-5414'),(233,9,44,'Salvation Army Family Store ','812 Pacific Avenue    Santa Cruz    CA','salvationarmyusa.org','(831) 429-8118'),(234,9,44,'Love Me 2 Times ','1331 Mission Street    Santa Cruz    CA','','(831) 429-6210'),(235,9,44,'Retro Paradise ','1010 Pacific Avenue    Santa Cruz    CA','retroparadiseclothing.com','(831) 460-9960'),(236,9,44,'Moon Zooom ','813 Pacific Avenue    Santa Cruz    CA','','(831) 423-8500'),(237,9,44,'Goodwill ','103 Whispering Pines Drive    Scotts Valley    CA','locator.goodwill.org','(831) 430-9029'),(238,9,44,'American Apparel ','1531 Pacific Avenue    Santa Cruz    CA','americanapparel.net','(831) 426-4070'),(239,10,44,'Veterans Memorial Building ','846 Front Street    Santa Cruz    CA','vetshall.org','(831) 454-0478'),(240,10,44,'Veterans of Foreign Wars ','2259 7th Avenue    Santa Cruz    CA','vfw.org','(831) 475-9804'),(241,10,44,'Santa Cruz County Veterans Office ','842 Front Street    Santa Cruz    CA','','(831) 458-7110'),(242,10,44,'VFW Post 5888 ','846 Front Street    Santa Cruz    CA','','(831) 429-8345'),(243,10,44,'US Veterans Affairs Department ','1350 41st Ave # 102    Capitola    CA','va.gov','(831) 464-4575'),(244,10,44,'West Valley College: Veterans Resource','Center ','westvalley.edu','(408) 867-2200'),(245,10,44,'Watsonville Veterans Memorial ','215 East Beach Street    Watsonville    CA','','(831) 768-3260'),(246,10,44,'American Legion ','214 Center Street    Watsonville    CA','legion.org','(831) 724-0481'),(247,10,44,'Stanford/Va Alzheimer\'s Center ','3801 Miranda Avenue    Palo Alto    CA','paloalto.va.gov','(650) 493-0641'),(248,10,44,'Veterans of Foreign Wars ','Aptos    CA','vfw.org','(831) 688-7711'),(249,11,44,'Senior Outreach Counseling ','104 Walnut Avenue    Santa Cruz    CA','','(831) 459-9351'),(250,11,44,'Live Oak Senior Center ','1777 Capitola Road    Santa Cruz    CA','mowaa.org','(831) 476-3272'),(251,11,44,'I-You Venture Program ','104 Walnut Avenue    Santa Cruz    CA','','(831) 459-8917'),(252,11,44,'Louden Nelson Senior Center ','301 Center Street    Santa Cruz    CA','','(831) 427-0901'),(253,11,44,'Scotts Valley Senior Center ','370 Kings Village Road    Scotts Valley    CA','svlions.org','(831) 438-8666'),(254,11,44,'Senior Information & Referral ','1777 Capitola Road    Santa Cruz    CA','seniornetworkservices.org','(831) 462-1433'),(255,11,44,'Companion For Life ','1570 Soquel Drive    Santa Cruz    CA','','(831) 475-2778'),(256,11,44,'Elderday Santa Cruz ','100 Pioneer Street    Santa Cruz    CA','splg.org','(831) 458-3481'),(257,11,44,'Senior Citizens\' Legal Services ','501 Soquel Avenue    Santa Cruz    CA','','(831) 426-8824'),(258,11,44,'Home Instead Senior Care:Santa Cruz ','3912 Portola Drive    Sutie #3    Santa Cruz    CA','homeinstead.com','(831) 476-9500'),(259,12,44,'Disabled American Veterans ','11000 Wilshire Blvd # 5227  Santa Cruz CA','https://www.dav.org','(310) 477-2539'),(260,12,44,'Poverello house','Poverello House  PO Box 12225  CA 93777-2225','http://www.poverellohouse.org/','(559) 498-6988'),(261,12,44,'Eden housing','Eden Housing  Eden','http://www.edenhousing.org/','(510) 582-1460'),(262,12,44,'Phoenix House Sober Living','Santa Cruz CA 90019','http://www.shelterlistings.org/','1 800 378 4435'),(263,12,44,'Hope For Life Inc','1624 W 84th Pl  Santa Cruz CA 90047','','877-727-1119'),(264,12,44,'Disabled American Veterans','11301 Wilshire Boulevard #6005  Santa Cruz ','','(310) 478-3711'),(265,1,38,'Episcopal Community Services ','1001 Polk Street    San Francisco    CA','','(831) 458-7110'),(266,1,38,'Homeless Prenatal Program ','2500 18th Street    San Francisco    CA','homelessprenatal.org','(831) 459-6000'),(267,1,38,'Safe House ','559 Ellis Street    San Francisco    CA','','(831) 462-7700'),(268,1,38,'Homeless Youth Alliance ','1696 Haight Street    San Francisco    CA','homelessyouthalliance.org','(831) 477-2200'),(269,1,38,'The Salvation Army Harbor House ','407 9th Street    San Francisco    CA','harborhousesf.org','(831) 423-4111'),(270,1,38,'Aranda Residence ','64 Turk Street    San Francisco    CA','oaklandnet.com','(831) 462-5512'),(271,1,38,'Allstar Hotel ','2791 16th Street    San Francisco    CA','','(831) 476-9424'),(272,2,38,'West Food Pantry','8846 W Pico Blvd San Francisco CA 90035','https://risus.Duis.aamet.org','310-288-0286'),(273,2,38,'The Midnight ','601 S San Pedro St San Francisco CA','www.midnightmission.org','(213) 624-9258'),(274,2,38,'AmeriCorps','545 S San Pedro St San Francisco CA','www.urm.org','(213) 347-6300'),(275,2,38,'Food On Foot','San Francisco CA','www.foodonfoot.org','(310) 442-0088'),(276,2,38,'Holman United Methodist Church Food Pantry','3320 W Adams Blvd San Francisco CA 90018','http://www.homelessshelterdirectory.org/','323-731-7285'),(277,2,38,'One voice ','The Barker Hangar 3021 Airport Avenue CA 90405','http://onevoice-la.org/holiday-program/','(213) 357-4500 '),(278,3,38,'Meyers Nave ','575 Market Street    San Francisco    CA','meyersnave.com','(831) 454-2080'),(279,3,38,'California Rural Legal Assistance Inc. ','2791 17th W Street    San Francisco    CA','ranchodlaw.com','(831) 471-9215'),(280,3,38,'Bike-Law ','1438 Market Street    San Francisco    CA','cbdlaw.com','(831) 425-1120'),(281,3,38,'TRUSTe ','835 Market Street #800    San Francisco    CA','cbdlaw.com','(831) 722-4532'),(282,3,38,'San Francisco Public Defender ','555 7th Street    San Francisco    CA','sfgov.org','+1 831-426-3609'),(283,3,38,'AIDS Legal Referral Panel ','1663 Mission Street #500    San Francisco    CA','alrp.org','+1 408-998-1500'),(284,4,38,'Walden House ','1447 Chinook Court    San Francisco    CA','','(209) 523-9125 '),(285,4,38,'Asian American Recovery Services ','2024 Hayes Street    San Francisco    CA','','(209) 883-4886 '),(286,4,38,'Drug Rehab Consulting ','601 Van Ness Avenue    San Francisco    CA','','(209) 537-4166 '),(287,4,38,'The Latino Commission ','301 Grand Avenue #301    South San Francisco    CA','','(209) 214-6600'),(288,4,38,'Potrero Hill Psychotherapy ','1529 20th Street    San Francisco    CA','potrerohillpsychotherapy.com','209) 523-8227'),(289,4,38,'Whole Foods Market - Noe Valley ','3950 24th Street    San Francisco    CA','wholefoodsmarket.com','(408) 247-2800'),(290,4,38,'Iris Center ','12 Gough Street    San Francisco    CA','','(408) 249-1715'),(291,4,38,'Brahma Kumaris World Spiritual Organization ','401 Baker Street    San Francisco    CA','bkwsu.org','(831) 458-7110'),(292,4,38,'Peter Forster MD ','211 Gough Street #211    San Francisco    CA','gatewaypsychiatric.com','(831) 429-8345'),(293,5,38,'The Bar Association of San Francisco ','301 Battery Street    San Francisco    CA','sfbar.org',''),(294,5,38,'Golden Gate University ','536 Mission Street    San Francisco    CA','ggu.edu',''),(295,5,38,'Meyers Nave ','575 Market Street    San Francisco    CA','meyersnave.com',''),(296,5,38,'California Rural Legal Assistance Inc. ','631 Howard Street #300    San Francisco    CA','crla.org',''),(297,5,38,'Waves for Success ','613 Beach Street    San Francisco    CA','wavesforsuccess.com','(877) 332-3123'),(298,5,38,'Annie\'s Nannies & Domestic Staff    LLC ','343 Soquel Avenue    San Francisco       CA','anniesnanniesagency.com','(831) 469-4095'),(299,5,38,'Manpower ','2001 40th Avenue    Capitola    CA','us.manpower.com','(831) 476-6666'),(300,6,38,'Plantronics Inc ','345 Encinal Street    San Francisco CA','plantronics.com','(831) 426-5858'),(301,6,38,'Mary E. Conn & Associates - San Jose Criminal','Lawyer ','sfgov.org','(831) 471-7103'),(302,6,38,'John W. Thornton    Attorney at Law ','303 Potrero St    San Francisco    CA','duisantacruz.com','(831) 426-5800'),(303,6,38,'Collaborative Practice ','550 Water Street    San Francisco CA','collaborativepracticesantacruz.com','(831) 459-7400 '),(304,6,38,'Lipowitz Sara J Law Office of ','303 Potrero StreetSan Francisco    CA','lipowitzsolutions.com','(831) 427-0546'),(305,6,38,'Family Assets Planning ','303 Potrero Street #52    San Francisco    CA','familyassetsplanning.com','(831) 600-7017'),(306,6,38,'Special Education Law ','55 River Street    San Franciscoz    CA','specialeducationlaw.net','(831) 458-9900'),(307,6,38,'LAW OFFICES OF GEOFFREY W. RAWLINGS ','740 Front Street #115    San Francisco    CA','gwrlaw.com','(831) 423-2300'),(308,6,38,'Prometheus: A Social Justice Law Firm ','406 Mission Street    San Francisco    CA','sanfranciscobayarealaw.com','(510) 910-3198'),(309,6,38,'Divorce Helpline ','406 Mission Street   San Francisco    CA','divorcehelp.com','(831) 459-6000'),(310,7,38,'Pediatric Hospitalists: Sutter Pacific Medical','3700 California Street    San Francisco    CA','cpmc.org',''),(311,7,38,'American Shared Hospital Services ','4 Embarcadero Center    San Francisco    CA','ashs.com',''),(312,7,38,'Good Samaritan Hospital ','1225 Wilshire Boulevard  San Francisco CA','goodsam.org','(213) 977-2121'),(313,7,38,'Children\'s Hospital Los Angeles ','4650 Sunset Boulevard  San Francisco CA','chla.org','(323) 660-2450 '),(314,7,38,'Saint Vincent Medical Center ','2131 West 3rd Street San Francisco CA','stvincentmedicalcenter.com','(213) 484-7111 '),(315,7,38,'Ronald Reagan UCLA Medical Center ','757 Westwood Plaza  San Francisco CA','uclahealth.org','(310) 825-8611'),(316,7,38,'Temple Community Hospital ','235 North Hoover Street  San Francisco CA','templecommunityhospital.com','(213) 382-7252'),(317,8,38,'InnVision Cecil White Center','350 North Montgomery Street','',''),(318,8,38,'William A Miller Attorneys ','7530 Pine Street    Santa Clara CA','','(209) 523-9125 '),(319,8,38,'Douglas & Jayne Starn ','6621 Blue Gum Road    San Francisco CA','','(209) 883-4886 '),(320,8,38,'Alfred Black ','4207 Washington Rd     San Francisco CA','','(209) 537-4166 '),(321,8,38,'Thomas Hogan Law Office ','1207 13th Street     San Francisco CA','tomhoganlaw.com','(209) 214-6600'),(322,8,38,'We the People','1347 McHenry Avenue     San Francisco CA','wethepeopleusa.com','209) 523-8227'),(323,9,38,'Thrift Town ','2101 Mission Street    San Francisco    CA','thrifttown.com','(310) 477-2539'),(324,9,38,'Community Thrift Store ','623 Valencia Street    San Francisco    CA','','(559) 498-6988'),(325,9,38,'Out of the Closet ','100 Church Street    San Francisco    CA','outofthecloset.org','(510) 582-1460'),(326,9,38,'Wasteland ','1660 Haight Street    San Francisco    CA','shopwasteland.com','1 800 378 4435'),(327,9,38,'Goodwill Industries International Inc. ','1580 Mission Street    San Francisco    CA','','877-727-1119'),(328,9,38,'Buffalo Exchange ','1555 Haight Street    San Francisco    CA','buffaloexchange.com','(310) 478-3711'),(329,9,38,'Mission Thrift ','2330 Mission Street    San Francisco    CA','','(831) 458-6020'),(330,9,38,'Clothes Contact ','473 Valencia Street    San Francisco    CA','retrocity.com','(831) 454-2080'),(331,10,38,'V A Medical Center ','4150 Clement Street    San Francisco    CA','sanfrancisco.va.gov','(831) 471-9215'),(332,10,38,'US Veterans Center ','505 Polk Street    San Francisco    CA','sanfrancisco.va.gov','(831) 425-1120'),(333,10,38,'Swords To Plowshares ','1060 Howard Street    San Francisco    CA','swords-to-plowshares.org','(831) 722-4532'),(334,10,38,'Swords to Plowshares ','1030 Girard Road    San Francisco    CA','swords-to-plowshares.org','+1 831-426-3609'),(335,10,38,'Veterans Speakers Alliance ','401 Van Ness Avenue    San Francisco    CA','vsasf.org',''),(336,10,38,'San Francisco War Memorial & Performing Arts','2131 West 3rd Street San Francisco CA','marineclub.com',''),(337,10,38,'Marine\'s Memorial Association ','609 Sutter Street    San Francisco    CA','ci.sf.ca.us',''),(338,10,38,'San Francisco County Veterans Service Office ','875 Stevenson Street #250    San Francisco    CA','cominghomeproject.net','(831) 459-6000'),(339,11,38,'Western Addition Senior Citizens ','2101 Mission Street    San Francisco    CA','','(831) 462-7700'),(340,11,38,'Bayview Hunters Point Multipurpose Senior','1706 Yosemite Avenue    San Francisco    CA','','(831) 477-2200'),(341,11,38,'San Francisco Senior Center ','481 O\'Farrell Street    San Francisco    CA','sfsenior.com','(831) 423-4111'),(342,11,38,'John King Senior Community ','500 Raymond Avenue    San Francisco    CA','','(831) 462-5512'),(343,11,38,'National Council On Aging ','870 Market Street    San Francisco    CA','ncoa.org','(831) 476-9424'),(344,11,38,'Bethany Center Senior Housing ','580 Capp Street    San Francisco    CA','bethanycenter.org','(831) 458-5670'),(345,11,38,'Centro Latino De San Francisco ','Centro Latino De San Francisco ','centrolatinodsf.org','(831) 425-3911'),(346,11,38,'Richmond Senior Center ','6221 Geary Boulevard    San Francisco    CA','ggsenior.org','(831) 476-7711'),(347,12,38,'Disabled American Veterans ','11000 Wilshire Blvd # 5227 San Francisco    CA','https://www.dav.org','(310) 477-2539'),(348,12,38,'Poverello house','Poverello House  PO Box 12225  CA 93777-2225','http://www.poverellohouse.org/','(559) 498-6988'),(349,12,38,'Eden housing','Eden Housing  Eden','http://www.edenhousing.org/','(510) 582-1460'),(350,12,38,'Phoenix House Sober Living','San Francisco CA 90014','http://www.shelterlistings.org/','1 800 378 4435'),(351,12,38,'Hope For Life Inc','1624 W 84th Pl  San Francisco CA 90047','','877-727-1119'),(352,12,38,'Disabled American Veterans','11301 Wilshire Boulevard #6005 San Francisco','','(310) 478-3711'),(353,1,37,'Episcopal Community Services ','1001 Polk Street    San  Diego     CA','','(831) 458-7110'),(354,1,37,'Homeless Prenatal Program ','2500 18th Street   San Diego     CA','homelessprenatal.org','(831) 459-6000'),(355,1,37,'Safe House ','559 Ellis Street   San Diego     CA','','(831) 462-7700'),(356,1,37,'Homeless Youth Alliance ','1696 Haight Street    San Diego     CA','homelessyouthalliance.org','(831) 477-2200'),(357,1,37,'The Salvation Army Harbor House ','407 9th Street    San Diego     CA','harborhousesd.org','(831) 423-4111'),(358,1,37,'Aranda Residence ','64 Turk Street    San Diego     CA','oaklandnet.com','(831) 462-5512'),(359,1,37,'Allstar Hotel ','2791 16th Street    San Diego    CA','','(831) 476-9424'),(360,2,37,'West Food Pantry','8846 W Pico Blvd San Diego CA 90035','https://risus.Duis.aamet.org','310-288-0286'),(361,2,37,'The Midnight ','601 S San Pedro St San Diego CA','www.midnightmission.org','(213) 624-9258'),(362,2,37,'AmeriCorps','545 S San Pedro St San Diego CA','www.urm.org','(213) 347-6300'),(363,2,37,'Food On Foot','San Diego CA','www.foodonfoot.org','(310) 442-0088'),(364,2,37,'Holman United Methodist Church Food Pantry','3320 W Adams Blvd San Diego CA 90018','http://www.homelessshelterdirectory.org/','323-731-7285'),(365,2,37,'One voice ','The Barker Hangar 3021 Airport Avenue CA 90405','http://onevoice-la.org/holiday-program/','(213) 357-4500 '),(366,3,37,'Meyers Nave ','575 Market Street    San Diego    CA','meyersnave.com','(831) 454-2080'),(367,3,37,'California Rural Legal Assistance Inc. ','2791 17th W Street    San Diego    CA','ranchodlaw.com','(831) 471-9215'),(368,3,37,'Bike-Law ','1438 Market Street    San Diego    CA','cbdlaw.com','(831) 425-1120'),(369,3,37,'TRUSTe ','835 Market Street #800    San Diego    CA','cbdlaw.com','(831) 722-4532'),(370,3,37,'San Diego Public Defender ','555 7th Street    San Diego    CA','sdgov.org','+1 831-426-3609'),(371,3,37,'AIDS Legal Referral Panel ','1663 Mission Street #500    San Diego    CA','alrp.org','+1 408-998-1500'),(372,4,37,'Walden House ','1447 Chinook Court    San Diego    CA','','(209) 523-9125 '),(373,4,37,'Asian American Recovery Services ','2024 Hayes Street    San Diego    CA','','(209) 883-4886 '),(374,4,37,'Drug Rehab Consulting ','601 Van Ness Avenue    San Diego    CA','','(209) 537-4166 '),(375,4,37,'The Latino Commission ','301 Grand Avenue #301    South San Diego    CA','','(209) 214-6600'),(376,4,37,'Potrero Hill Psychotherapy ','1529 20th Street    San Diego    CA','potrerohillpsychotherapy.com','209) 523-8227'),(377,4,37,'Whole Foods Market - Noe Valley ','3950 24th Street    San Diego    CA','wholefoodsmarket.com','(408) 247-2800'),(378,4,37,'Iris Center ','12 Gough Street    San Diego    CA','','(408) 249-1715'),(379,4,37,'Brahma Kumaris World Spiritual Organization ','401 Baker Street    San Diego    CA','bkwsu.org','(831) 458-7110'),(380,4,37,'Peter Forster MD ','211 Gough Street #211    San Diego    CA','gatewaypsychiatric.com','(831) 429-8345'),(381,5,37,'The Bar Association of San Diego ','301 Battery Street    San Diego    CA','sdbar.org','(831) 458-7110'),(382,5,37,'Golden Gate University ','536 Mission Street    San Diego    CA','ggu.edu','(831) 459-6000'),(383,5,37,'Meyers Nave ','575 Market Street    San Diego    CA','meyersnave.com','(831) 462-7700'),(384,5,37,'California Rural Legal Assistance Inc. ','631 Howard Street #300    San Diego    CA','crla.org','(831) 477-2200'),(385,5,37,'Waves for Success ','613 Beach Street    San Diego   z    CA','wavesdorsuccess.com','(831) 423-4111'),(386,5,37,'Annie\'s Nannies & Domestic Staff    LLC ','343 Soquel Avenue    San Diego       CA','anniesnanniesagency.com','(831) 462-5512'),(387,5,37,'Manpower ','2001 40th Avenue    Capitola    CA','us.manpower.com','(831) 476-6666'),(388,6,37,'Plantronics Inc ','345 Encinal Street    San Diego CA','plantronics.com','(831) 426-5858'),(389,6,37,'Mary E. Conn & Associates - San Jose Criminal','Lawyer ','sdgov.org','(831) 471-7103'),(390,6,37,'John W. Thornton    Attorney at Law ','303 Potrero St    San Diego    CA','duisantacruz.com','(831) 426-5800'),(391,6,37,'Collaborative Practice ','550 Water Street    San Diego CA','collaborativepracticesantacruz.com','(831) 459-7400 '),(392,6,37,'Lipowitz Sara J Law Office of ','303 Potrero StreetSan Diego    CA','lipowitzsolutions.com','(831) 427-0546'),(393,6,37,'Family Assets Planning ','303 Potrero Street #52    San Diego    CA','familyassetsplanning.com','(831) 600-7017'),(394,6,37,'Special Education Law ','55 River Street    San Diegoz    CA','specialeducationlaw.net','(831) 458-9900'),(395,6,37,'LAW OFFICES OF GEOFFREY W. RAWLINGS ','740 Front Street #115    San Diego    CA','gwrlaw.com','(831) 423-2300'),(396,6,37,'Prometheus: A Social Justice Law Firm ','406 Mission Street    San Diego    CA','sanDiegobayarealaw.com','(510) 910-3198'),(397,6,37,'Divorce Helpline ','406 Mission Street   San Diego    CA','divorcehelp.com','(831) 459-6000'),(398,7,37,'Pediatric Hospitalists: Sutter Pacific Medical','3700 California Street    San Diego    CA','cpmc.org','(310) 478-3711'),(399,7,37,'American Shared Hospital Services ','4 Embarcadero Center    San Diego    CA','ashs.com','(310) 478-3711'),(400,7,37,'Good Samaritan Hospital ','1225 Wilshire Boulevard  San Diego CA','goodsam.org','(213) 977-2121'),(401,7,37,'Children\'s Hospital Los Angeles ','4650 Sunset Boulevard  San Diego CA','chla.org','(323) 660-2450 '),(402,7,37,'Saint Vincent Medical Center ','2131 West 3rd Street San Diego CA','stvincentmedicalcenter.com','(213) 484-7111 '),(403,7,37,'Ronald Reagan UCLA Medical Center ','757 Westwood Plaza  San Diego CA','uclahealth.org','(310) 825-8611'),(404,7,37,'Temple Community Hospital ','235 North Hoover Street  San Diego CA','templecommunityhospital.com','(310) 478-3711'),(405,8,37,'InnVision Cecil White Center','350 North Montgomery Street','buffaloexchange.com','(310) 478-3711'),(406,8,37,'William A Miller Attorneys ','7530 Pine Street    Santa Clara CA','potrerohillpsychotherapy.com','(209) 523-9125 '),(407,8,37,'Douglas & Jayne Starn ','6621 Blue Gum Road    San Diego CA','wholefoodsmarket.com','(209) 883-4886 '),(408,8,37,'Alfred Black ','4207 Washington Rd     San Diego CA','','(310) 478-3711'),(409,8,37,'Thomas Hogan Law Office ','1207 13th Street     San Diego CA','tomhoganlaw.com','(310) 478-3711'),(410,8,37,'We the People','1347 McHenry Avenue     San Diego CA','wethepeopleusa.com','209) 523-8227'),(411,9,37,'Thrift Town ','2101 Mission Street    San Diego    CA','thrifttown.com','(310) 477-2539'),(412,9,37,'Community Thrift Store ','623 Valencia Street    San Diego    CA','','(310) 478-3711'),(413,9,37,'Out of the Closet ','100 Church Street    San Diego    CA','outofthecloset.org','(510) 582-1460'),(414,9,37,'Wasteland ','1660 Haight Street    San Diego    CA','shopwasteland.com','1 800 378 4435'),(415,9,37,'Goodwill Industries International Inc. ','1580 Mission Street    San Diego    CA','','877-727-1119'),(416,9,37,'Buffalo Exchange ','1555 Haight Street    San Diego    CA','buffaloexchange.com','(310) 478-3711'),(417,9,37,'Mission Thrift ','2330 Mission Street    San Diego    CA','cominghomeproject.net','(831) 458-6020'),(418,9,37,'Clothes Contact ','473 Valencia Street    San Diego    CA','retrocity.com','(310) 478-3711'),(419,10,37,'V A Medical Center ','4150 Clement Street    San Diego    CA','sanDiego.va.gov','(831) 471-9215'),(420,10,37,'US Veterans Center ','505 Polk Street    San Diego    CA','sanDiego.va.gov','(831) 425-1120'),(421,10,37,'Swords To Plowshares ','1060 Howard Street    San Diego    CA','swords-to-plowshares.org','(831) 722-4532'),(422,10,37,'Swords to Plowshares ','1030 Girard Road    San Diego    CA','swords-to-plowshares.org','+1 831-426-3609'),(423,10,37,'Veterans Speakers Alliance ','401 Van Ness Avenue    San Diego    CA','vsasd.org','(310) 478-3711'),(424,10,37,'San Diego War Memorial & Performing Arts','2131 West 3rd Street San Diego CA','marineclub.com','(310) 478-3711'),(425,10,37,'Marine\'s Memorial Association ','609 Sutter Street    San Diego    CA','ci.sd.ca.us','(310) 478-3711'),(426,10,37,'San Diego County Veterans Service Office ','875 Stevenson Street #250    San Diego    CA','cominghomeproject.net','(831) 459-6000'),(427,11,37,'Western Addition Senior Citizens ','2101 Mission Street    San Diego    CA','','(831) 462-7700'),(428,11,37,'Bayview Hunters Point Multipurpose Senior','1706 Yosemite Avenue    San Diego    CA','','(831) 477-2200'),(429,11,37,'San Diego Senior Center ','481 O\'Farrell Street    San Diego    CA','sdsenior.com','(831) 423-4111'),(430,11,37,'John King Senior Community ','500 Raymond Avenue    San Diego    CA','','(831) 462-5512'),(431,11,37,'National Council On Aging ','870 Market Street    San Diego    CA','ncoa.org','(831) 476-9424'),(432,11,37,'Bethany Center Senior Housing ','580 Capp Street    San Diego    CA','bethanycenter.org','(831) 458-5670'),(433,11,37,'Centro Latino De San Diego ','Centro Latino De San Diego ','centrolatinodsd.org','(831) 425-3911'),(434,11,37,'Richmond Senior Center ','6221 Geary Boulevard    San Diego    CA','ggsenior.org','(831) 476-7711'),(435,12,37,'Disabled American Veterans ','11000 Wilshire Blvd # 5227 San Diego    CA','https://www.dav.org','(310) 477-2539'),(436,12,37,'Poverello house','Poverello House  PO Box 12225  CA 93777-2225','http://www.poverellohouse.org/','(559) 498-6988'),(437,12,37,'Eden housing','Eden Housing  Eden','http://www.edenhousing.org/','(510) 582-1460'),(438,12,37,'Phoenix House Sober Living','San Diego CA 90014','http://www.shelterlistings.org/','1 800 378 4435'),(439,12,37,'Hope For Life Inc','1624 W 84th Pl  San Diego CA 90047','uclahealth.org','877-727-1119'),(440,12,37,'Disabled American Veterans','11301 Wilshire Boulevard #6005 San Diego','templecommunityhospital.com','(310) 478-3711'),(441,1,34,'Sacremento Mission ','303 East 5th Street  Sacremento  CA 90015','https://sacrementomission.org','(213) 629-1227'),(442,1,34,'Downtown Womens Center ','442 South San Pedro Street  Sacremento CA 90015','http://www.scyn.org','(213) 680-060'),(443,1,34,'Union Rescue Mission ','545 South San Pedro Street Sacremento  CA 90015','http://urm.org','(213) 347-6300 '),(444,1,34,'St. Vincent de Paul Council of Sacremento.','231 Winston Street Sacremento CA 90015','http://www.svdpsc.org','(213) 229-9963'),(445,1,34,'Weingart Center Association ','566 South San Pedro Street Sacremento CA 90003','http://www.weingart.org','(213) 627-9000'),(446,1,34,'People Assisting the Homeless ','5627 Fernwood Avenue Sacremento CA 90003','http://www.epath.org','(323) 960-3333'),(447,2,34,'SOVA West Food Pantry','8846 W Pico Blvd Sacremento CA 90035','https://risus.Duis.aamet.org','310-288-0286'),(448,2,34,'The Midnight Mission','601 S San Pedro St Sacremento CA','www.midnightmission.org','(213) 624-9258'),(449,2,34,'Union Rescue Mission','545 S San Pedro St Sacremento CA','www.urm.org','(213) 347-6300'),(450,2,34,'Food On Foot','Sacremento CA','www.foodonfoot.org','(310) 442-0088'),(451,2,34,'Holman United Methodist Church Food Pantry','3320 W Adams Blvd Sacremento CA 90018','http://www.homelessshelterdirectory.org/','323-731-7285'),(452,2,34,'One voice ','The Barker Hangar 3021 Airport Avenue CA 90405','http://onevoice-sc.org/holiday-program/','(213) 357-4500 '),(453,3,34,'Ronald Reagan UCsc Medical Center ','757 Westwood Pscza Sacremento CA','https://www.ucschealth.org','(310) 825-8611'),(454,3,34,'Temple Community Hospital ','235 North Hoover Street Sacremento CA','https://www.templecommunityhospital.com','(213) 382-7252'),(455,3,34,'USC University Hospital ','1500 San Pablo Street Sacremento CA','https://www.uscuniversityhospital.org','(888) 700-5700'),(456,3,34,'Hollywood Presbyterian Medical Center ','1300 North Vermont Avenue Sacremento CA','https://www.hollywoodpresbyterian.com','(213) 413-3000'),(457,3,34,'Olympia Medical Center ','5900 West Olympic Boulevard Sacremento CA','https://www.olympiamc.com','(310) 657-5900'),(458,3,34,'White Memorial Medical Center ','Sacremento California','https://www.whitememorial.com','(323) 268-5000'),(459,4,34,'Sacremento Youth Network ','1754 Taft Avenue Sacremento California','http://www.scyn.org','(323) 467-8466'),(460,4,34,'Tutor Homeless Youth in Downtown Sacremento','600E 7th StSacremento CA9002','http://www.volunteermatch.org/','(213) 347-6200 '),(461,4,34,'Hollywood Homeless Youth Partnership','4650 Sunset Blvd MS#2 Sacremento CA 90027','http://hhyp.org/','(213) 347-6300 '),(462,4,34,'California Youth Crisis Line','645 S San Pedro St Sacremento CA','https://www.Donecest@pedeultricesa.org','(773) 880-9860'),(463,4,34,'National Runaway Safeline','3080 N. Lincoln Ave  Sacremento CA','https://www.1800RUNAWAY.org.','1-800-843-5200'),(464,4,34,'Children\'s Activities Coordinator','8846 W Pico Blvd. Sacremento CA 90035','http://www.indeed.com/','(213) 229-9954'),(465,5,34,'Kelly Services  Inc.','617 West 7th Street #504  Sacremento CA','kellyservices.us','(213) 622-8920'),(466,5,34,'Select Staffing ','801 South Grand Avenue #125  Sacremento CA','selectstaffing.com','213) 408-0262'),(467,5,34,'scbor Ready ','4211 Santa Monica Boulevard  Sacremento CA','scborready.com','(323) 663-4393 '),(468,5,34,'Reliable Resources Inc ','5254 Pomona Boulevard  Sacremento CA','reliableresources.com','(323) 722-1318'),(469,5,34,'Sober Nexus ','927 North Vista Street  Sacremento CA','sobernexus.com','(323) 592-0379'),(470,5,34,'Homeless Outreach Program ','5715 S Broadway # 1  Sacremento CA','hopics.org','(323) 541-0786'),(471,6,34,'People Assisting the Homeless ','5627 Fernwood Avenue  Sacremento CA','epath.org','(323) 960-3333'),(472,6,34,'Emmanuel Baptist Rescue Mission ','530 East 5th Street  Sacremento CA','ebrm.org','(213) 626-4681'),(473,6,34,'Kaiser Permanente Medical Care ','765 West College Street  Sacremento CA','health.kaiserpermanente.org','(213) 580-7200'),(474,6,34,'The Rumor Mill ','11739 West Washington Boulevard  Los','therumormill.us','(310) 397-5400'),(475,6,34,'Sacremento County Health Services ','550 S Vermont Ave # 12  Sacremento CA','dmh.sccounty.gov','(213) 351-5085'),(476,6,34,'Sacremento County Mental Health ','1720 East 120th Street  Sacremento CA','dmh.sccounty.gov','(310) 668-4790'),(477,7,34,'Cedars-Sinai Medical Center ','Sacremento CAlifornia','cedars-sinai.edu','(310) 423-3277'),(478,7,34,'Good Samaritan Hospital ','1225 Wilshire Boulevard  Sacremento CA','goodsam.org','(213) 977-2121'),(479,7,34,'Children\'s Hospital Sacremento ','4650 Sunset Boulevard  Sacremento CA','chsc.org','(323) 660-2450 '),(480,7,34,'Saint Vincent Medical Center ','2131 West 3rd Street  Sacremento CA','stvincentmedicalcenter.com','(213) 484-7111 '),(481,7,34,'Ronald Reagan UCsc Medical Center ','757 Westwood Pscza  Sacremento CA','ucschealth.org','(310) 825-8611'),(482,7,34,'Temple Community Hospital ','235 North Hoover Street  Sacremento CA','templecommunityhospital.com','(213) 382-7252'),(483,8,34,'Legal Aid Foundation of Sacremento','432 West 10th Street  Sacremento CA','http://www.scfsc.org/','(213) 382-0190'),(484,8,34,'AmeriCorps','3407 W 6th St # 700  Sacremento CA','http://www.nationalservice.gov/programs/americorps','213) 482-1834'),(485,8,34,'Cash Assistance Program for Immigrants','231 Winston Street  Sacremento CA','http://www.scdpss.org/programs.cfm','(213) 229-9963'),(486,8,34,'Federal Reserve Bank','950 South Grand Avenue  Sacremento CA','frbsf.org','(213) 683-2300'),(487,8,34,'Sacremento County - Red  White  and Blue Book','445 S Figueroa St # 2700  Sacremento CA','http://www.redwhiteandbluebook.org/','(213) 596-4855'),(488,8,34,'Hoffman and Associates ','5900 Wilshire Boulevard #2600  Sacremento CA','hoffmanscwoffice.com','(323) 655-3900'),(489,9,34,'scHSA Emergency Response Team (ERT)','432 West 10th Street  Sacremento CA','buffaloexchange.com','(213) 225-6581'),(490,9,34,'sc Voz Sylmar Valley Food Pantry','13550 Herron  Sylmar','potrerohillpsychotherapy.com','(818) 765-3350'),(491,9,34,'Hospitality (Hippie) Kitchen','821 East 6th St.  Sacremento','wholefoodsmarket.com','(213) 614-9615'),(492,9,34,'Grace Resource Center','45134 N. Sierra Hwy  scncaster','','(661) 940-5272'),(493,9,34,'Interfaith Food Center','14545 Leffingwell  Whittier','tomhoganlaw.com','(562) 903-1478'),(494,9,34,'West Valley Food Pantry','5700 Rudnick  Woodscnd Hills','wethepeopleusa.com','(818) 346-5554'),(495,10,34,'National Veterans Foundation ','9841 Airport Blvd Suite 418  Sacremento CA','thrifttown.com','(310) 642-0255'),(496,10,34,'US Veterans Affairs Department ','FEREDAL BUILDING Wilshire Boulevard  Sacremento CA','https://www.va.gov','(800) 827-1000'),(497,10,34,'Disabled American Veterans ','11000 Wilshire Blvd # 5227  Sacremento CA','https://www.dav.org','(310) 477-2539'),(498,10,34,'American Legion ','3828 West Sscuson Avenue  Sacremento CA','https://www.legion.org','(323) 298-0308'),(499,10,34,'United Service Organizations ','203 World Way # 200  Sacremento CA','https://www.bobhopeuso.org','(310) 645-3716'),(500,10,34,'VA West Sacremento Healthcare Center ','11301 Wilshire Boulevard #6005  Sacremento CA','https://www.sacremento.va.gov','(310) 478-3711'),(501,11,34,'West Hollywood Senior Center ','7377 Santa Monica Boulevard  West Hollywood ','','(323) 461-4363'),(502,11,34,'Retired Senior Volunteer Prog ','6671 Yucca Street  Sacremento CA','https://www.maof.org','(323) 266-6408'),(503,11,34,'Senior Citizens-Freda Mohr Center ','330 North Fairfax Avenue  Sacremento CA','','(323) 937-5902'),(504,11,34,'People Coordinated Services ','2475 West Washington Boulevard  Sacremento ','https://www.pcs-socal.org','(213) 680-9739'),(505,11,34,'Wlcac Theresa Lindsay Center ','429 East 42nd Pscce  Sacremento CA','https://www.wlcac.org','(323) 851-8202'),(506,11,34,'Commerce City Senior Citizens ','2555 Commerce Way  Commerce  CA','','(323) 887-4430'),(507,12,34,'Disabled American Veterans ','11000 Wilshire Blvd # 5227  Sacremento CA','https://www.dav.org','(310) 477-2539'),(508,12,34,'Poverello house','Poverello House  PO Box 12225  CA 93777-2225','http://www.poverellohouse.org/','(559) 498-6988'),(509,12,34,'Eden housing','Eden Housing  Eden Housing  sc','http://www.edenhousing.org/','(510) 582-1460'),(510,12,34,'Phoenix House Sober Living','Sacremento CA 90019','http://www.shelterlistings.org/','1 800 378 4435'),(511,12,34,'Hope For Life Inc','1624 W 84th Pl  Sacremento CA 90047','','877-727-1119'),(512,12,34,'Disabled American Veterans','11301 Wilshire Boulevard #6005  Sacremento ','sacremento.va.gov','(310) 478-3711'),(513,1,42,'Casa Esperanza Homeless Center ','Casa Esperanza Homeless Center ','casa-esperanza.org','(831) 459-6000'),(514,1,42,'Santa Barbara Rescue Mission ','535 Yanonali St Santa Barbara CA','sbrm.org','(831) 462-7700'),(515,1,42,'Bridgehouse Homeless Shelter ','2025 Sweeney Road Lompoc CA','ncoa.org','(831) 477-2200'),(516,1,42,'Rain Transitional Living Center ','1732 South Lewis Road Camarillo CA','bethanycenter.org','(831) 423-4111'),(517,1,42,'Bridgehouse Administration Ln ','2025 Sweeney Road Lompoc CA','centrolatinodsd.org','(831) 462-5512'),(518,1,42,'Turning Point Foundation ','536 East Thompson Boulevard Ventura CA','ggsenior.org','(831) 476-9424'),(519,1,42,'Rescue Mission Alliance ','315 North a Street Oxnard CA','https://www.dav.org','(831) 458-5670'),(520,1,42,'Turning Point Foundation ','536 East Thompson Boulevard Ventura CA','turningpointfoundation.org','(831) 425-3911'),(521,1,42,'Rescue Mission Alliance ','315 North a Street Oxnard CA','erescuemission.org','(831) 476-7711'),(522,1,42,'Lighthouse Women & Children\'s ','104 North Hayes Avenue Oxnard CA','templecommunityhospital.com','(310) 477-2539'),(523,2,42,'Second Harvest Food Bank','Santa Barbara CA 95125','','(408) 266-8866'),(524,2,42,'Martha\'s Kitchen','Santa Barbara CA 95110','www.marthas-kitchen.org','(408) 293-6111'),(525,2,42,'Community Service Agency of Mountain View and Los Altos',' Santa Barbara CA 94043','',''),(526,2,42,'Food On Foot','Santa Barbara CA','www.foodonfoot.org','(310) 442-0088'),(527,2,42,'Holman United Methodist Church Food Pantry','3320 W Adams Blvd Santa Barbara CA 90018','http://www.homelessshelterdirectory.org/','323-731-7285'),(528,2,42,'One voice ','The Barker Hangar 3021 Santa Barbara CA 90405','http://onevoice-sb.org/holiday-program/','(213) 357-4500 '),(529,3,42,'Meyers Nave ','575 Market Street    Santa Barbar    CA','meyersnave.com','(831) 454-2080'),(530,3,42,'California Rural Legal Assistance Inc. ','2791 17th W Street    Santa Barbar   CA','ranchodlaw.com','(831) 471-9215'),(531,3,42,'Bike-Law ','1438 Market Street    Santa Barbar    CA','cbdlaw.com','(831) 425-1120'),(532,3,42,'TRUSTe ','835 Market Street #800    Santa Barbar   CA','cbdlaw.com','(831) 722-4532'),(533,3,42,'San Diego Public Defender ','555 7th Street    Santa Barbar    CA','sbgov.org','+1 831-426-3609'),(534,3,42,'AIDS Legal Referral Panel ','1663 Mission Street #500    Santa Barbar    CA','alrp.org','+1 408-998-1500'),(535,4,42,'Drug Rehab Consulting ','601 Van Ness Avenue    Santa Barbara    CA','','(209) 537-4166 '),(536,4,42,'The Latino Commission ','301 Grand Avenue #301    South Santa Barbara    CA','','(209) 214-6600'),(537,4,42,'Potrero Hill Psychotherapy ','1529 20th Street    Santa Barbara    CA','potrerohillpsychotherapy.com','209) 523-8227'),(538,4,42,'Whole Foods Market - Noe Valley ','3950 24th Street    Santa Barbara    CA','wholefoodsmarket.com','(408) 247-2800'),(539,4,42,'Iris Center ','12 Gough Street    Santa Barbara    CA','iriscenter.org','(408) 249-1715'),(540,4,42,'Brahma Kumaris World Spiritual Organization ','401 Baker Street    Santa Barbara    CA','bkwsu.org','(831) 458-7110'),(541,4,42,'Peter Forster MD ','211 Gough Street #211    Santa Barbara    CA','gatewaypsychiatric.com','(831) 429-8345'),(542,5,42,'OfficeTeam ','1525 101 Santa Barbara CA','officeteam.com','(209) 883-4886 '),(543,5,42,'Labor Ready Inc ','123 East Carrillo Street Santa Barbara CA','laborready.com','(209) 537-4166 '),(544,5,42,'Select Staffing ','1919 State Street Suite 101 Santa Barbara','selectstaffing.com','(209) 214-6600'),(545,5,42,'Robert Half Finance & Accounting ','1525 State Street Santa Barbara CA','rhi.com','209) 523-8227'),(546,5,42,'Accountemps ','Accountemps ','accountemps.com','(408) 247-2800'),(547,5,42,'Spherion Recruiting and Staffing ','271 N. Fairview Avenue #104 Goleta CA','spherion.com','(408) 249-1715'),(548,5,42,'Office Works RX ','Santa Barbara CA','','(831) 458-7110'),(549,6,42,'Plantronics Inc ','345 Encinal Street    Santa Barbara CA','plantronics.com','(831) 426-5858'),(550,6,42,'Mary E. Conn & Associates - San Jose Criminal','Lawyer ','sbgov.org','(831) 471-7103'),(551,6,42,'John W. Thornton    Attorney at Law ','303 Potrero St    Santa Barbara    CA','duisantacruz.com','(831) 426-5800'),(552,6,42,'Collaborative Practice ','550 Water Street    Santa Barbara CA','collaborativepracticesantacruz.com','(831) 459-7400 '),(553,6,42,'Lipowitz Sara J Law Office of ','303 Potrero StreetSanta Barbara    CA','lipowitzsolutions.com','(831) 427-0546'),(554,6,42,'Family Assets Planning ','303 Potrero Street #52    Santa Barbara    CA','familyassetsplanning.com','(831) 600-7017'),(555,6,42,'Special Education Law ','55 River Street    Santa Barbaraz    CA','specialeducationlaw.net','(831) 458-9900'),(556,6,42,'LAW OFFICES OF GEOFFREY W. RAWLINGS ','740 Front Street #115    Santa Barbara    CA','gwrlaw.com','(831) 423-2300'),(557,6,42,'Prometheus: A Social Justice Law Firm ','406 Mission Street    Santa Barbara    CA','','(510) 910-3198'),(558,6,42,'Divorce Helpline ','406 Mission Street   Santa Barbara    CA','divorcehelp.com','(831) 459-6000'),(559,7,42,'Ojai Valley Community Hospital ','1306 Maricopa Highway Ojai CA','cmhshealth.org','(831) 471-7103'),(560,7,42,'Community Memorial Hospital ','147 North Brent Street Ventura CA','','(213) 680-9739'),(561,7,42,'Children\'s Hospital Santa Barbara','4650 Sunset Boulevard  Santa Barbara CA','chla.org','(323) 660-2450 '),(562,7,42,'Saint Vincent Medical Center ','2131 West 3rd Street Santa Barbara CA','stvincentmedicalcenter.com','(213) 484-7111 '),(563,7,42,'Ronald Reagan UCLA Medical Center ','757 Westwood Plaza  Santa Barbara CA','uclahealth.org','(310) 825-8611'),(564,7,42,'Temple Community Hospital ','235 North Hoover Street  Santa Barbara CA','templecommunityhospital.com','(310) 478-3711'),(565,8,42,'InnVision Cecil White Center','350 North Montgomery Street','','(831) 454-2080'),(566,8,42,'William A Miller Attorneys ','7530 Pine Street    Santa Barbara CA','','(209) 523-9125 '),(567,8,42,'Douglas & Jayne Starn ','6621 Blue Gum Road    Santa Barbara CA','','(209) 883-4886 '),(568,8,42,'Alfred Black ','4207 Washington Rd    Santa Barbara CA','','(209) 537-4166 '),(569,8,42,'Thomas Hogan Law Office ','1207 13th Street    Santa Barbara CA','tomhoganlaw.com','(209) 214-6600'),(570,8,42,'We the People','1347 McHenry Avenue    Modesto    CA','wethepeopleusa.com','209) 523-8227'),(571,9,42,'Goodwill ','302 West Carrillo Street Santa Barbara CA','locator.goodwill.org','(323) 298-0308'),(572,9,42,'Unity Shoppe ','1219 State Street Santa Barbara CA','','(310) 645-3716'),(573,9,42,'The Closet ','920 State Street Santa Barbara CA','heclosetsb.net','(310) 478-3711'),(574,9,42,'Crossroads Trading Co. ','1249 Veronica Springs Road Santa Barbara','crossroadstrading.com','(323) 461-4363'),(575,9,42,'Sheik Boutique ','11 West Arrellaga Street Santa Barbara CA','sheikboutiquewebsite.com','(323) 266-6408'),(576,9,42,'Catholic Charities ','609 East Haley Street Santa Barbara CA','catholiccharitiesla.org','(323) 937-5902'),(577,9,42,'Yellowstone Vintage Clothing Inc ','527 State Street Santa Barbara CA','judysbook.com','(213) 680-9739'),(578,10,42,'Veterans Memorial Building ','112 West Cabrillo Boulevard Santa Barbara CA','',''),(579,10,42,'American Legion ',' Yauislo Boulevard Santa Barbara CA','',''),(580,10,42,'Veterans United For Truth Inc ','46 Nicholas Lane Santa Barbara CA','',''),(581,10,42,'Vietnam Veterans Memorial Museum ','Vietnam Veterans Memorial Museum ','',''),(582,10,42,'Santa Barbara County Veteran\'s ','315 Camino Del Remedio Santa Barbara CA','',''),(583,10,42,'US Veterans Outpatient Clinic: Kurriss Kevin N','MD ','',''),(584,11,42,'West Hollywood Senior Center ','7377 Santa Monica Boulevard  West Hollywood ','','(323) 461-4363'),(585,11,42,'Retired Senior Volunteer Prog ','6671 Yucca Street  Santa Barbara CA','https://www.maof.org','(323) 266-6408'),(586,11,42,'Senior Citizens-Freda Mohr Center ','330 North Fairfax Avenue  Santa Barbara CA','','(323) 937-5902'),(587,11,42,'People Coordinated Services ','2475 West Washington Boulevard  Santa Barbara','https://www.pcs-socal.org','(213) 680-9739'),(588,11,42,'Wlcac Theresa Lindsay Center ','429 East 42nd Pscce  Santa Barbara CA','https://www.wlcac.org','(323) 851-8202'),(589,11,42,'Commerce City Senior Citizens ','2555 Commerce Way  Commerce  CA','','(323) 887-4430'),(590,12,42,'Disabled American Veterans ','11000 Wilshire Blvd # 5227     CA','https://www.dav.org','(310) 477-2539'),(591,12,42,'Poverello house','Poverello House  PO Box 12225  CA 93777-2225','http://www.poverellohouse.org/','(559) 498-6988'),(592,12,42,'Eden housing','Eden Housing  Eden','http://www.edenhousing.org/','(510) 582-1460'),(593,12,42,'Phoenix House Sober Living','San Diego CA 90014','http://www.shelterlistings.org/','1 800 378 4435'),(594,12,42,'Hope For Life Inc','1624 W 84th Pl  Santa Barbara CA 90047','uclahealth.org','877-727-1119'),(595,12,42,'Disabled American Veterans','11301 Wilshire Boulevard #6005 Santa Barbara','templecommunityhospital.com','(310) 478-3711'),(596,1,33,'Riverside Mission ','303 East 5th Street  Riverside  CA 90015','https://losangelesmission.org','(213) 629-1227'),(597,1,33,'Downtown Womens Center ','442 South San Pedro Street  Riverside CA 90015','http://www.rvyn.org','(213) 680-060'),(598,1,33,'Union Rescue Mission ','545 South San Pedro Street Riverside  CA 90015','http://urm.org','(213) 347-6300 '),(599,1,33,'St. Vincent de Paul Council of Riverside.','231 Winston Street Riverside CA 90015','http://www.svdprv.org','(213) 229-9963'),(600,1,33,'Weingart Center Association ','566 South San Pedro Street Riverside CA 90003','http://www.weingart.org','(213) 627-9000'),(601,1,33,'People Assisting the Homeless ','5627 Fernwood Avenue Riverside CA 90003','http://www.epath.org','(323) 960-3333'),(602,2,33,'SOVA West Food Pantry','8846 W Pico Blvd Riverside CA 90035','https://risus.Duis.aamet.org','310-288-0286'),(603,2,33,'The Midnight Mission','601 S San Pedro St Riverside CA','www.midnightmission.org','(213) 624-9258'),(604,2,33,'Union Rescue Mission','545 S San Pedro St Riverside CA','www.urm.org','(213) 347-6300'),(605,2,33,'Food On Foot','Riverside CA','www.foodonfoot.org','(310) 442-0088'),(606,2,33,'Holman United Methodist Church Food Pantry','3320 W Adams Blvd Riverside CA 90018','http://www.homelessshelterdirectory.org/','323-731-7285'),(607,2,33,'One voice ','The Barker Hangar 3021 Airport Avenue CA 90405','http://onevoice-rv.org/holiday-program/','(213) 357-4500 '),(608,3,33,'Ronald Reagan UCrv Medical Center ','757 Westwood Prvza Riverside CA','https://www.ucrvhealth.org','(310) 825-8611'),(609,3,33,'Temple Community Hospital ','235 North Hoover Street Riverside CA','https://www.templecommunityhospital.com','(213) 382-7252'),(610,3,33,'USC University Hospital ','1500 San Pablo Street Riverside CA','https://www.uscuniversityhospital.org','(888) 700-5700'),(611,3,33,'Hollywood Presbyterian Medical Center ','1300 North Vermont Avenue Riverside CA','https://www.hollywoodpresbyterian.com','(213) 413-3000'),(612,3,33,'Olympia Medical Center ','5900 West Olympic Boulevard Riverside CA','https://www.olympiamc.com','(310) 657-5900'),(613,3,33,'White Memorial Medical Center ','Riverside California','https://www.whitememorial.com','(323) 268-5000'),(614,4,33,'Riverside Youth Network ','1754 Taft Avenue Riverside California','http://www.rvyn.org','(323) 467-8466'),(615,4,33,'Tutor Homeless Youth in Downtown Riverside','600E 7th StRiverside CA9002','http://www.volunteermatch.org/','(213) 347-6200 '),(616,4,33,'Hollywood Homeless Youth Partnership','4650 Sunset Blvd MS#2 Riverside CA 90027','http://hhyp.org/','(213) 347-6300 '),(617,4,33,'California Youth Crisis Line','645 S San Pedro St Riverside CA','https://www.Donecest@pedeultricesa.org','(773) 880-9860'),(618,4,33,'National Runaway Safeline','3080 N. Lincoln Ave  Riverside CA','https://www.1800RUNAWAY.org.','1-800-843-5200'),(619,4,33,'Children\'s Activities Coordinator','8846 W Pico Blvd. Riverside CA 90035','http://www.indeed.com/','(213) 229-9954'),(620,5,33,'Kelly Services  Inc.','617 West 7th Street #504  Riverside CA','kellyservices.us','(213) 622-8920'),(621,5,33,'Select Staffing ','801 South Grand Avenue #125  Riverside CA','selectstaffing.com','213) 408-0262'),(622,5,33,'rvbor Ready ','4211 Santa Monica Boulevard  Riverside CA','rvborready.com','(323) 663-4393 '),(623,5,33,'Reliable Resources Inc ','5254 Pomona Boulevard  Riverside CA','reliableresources.com','(323) 722-1318'),(624,5,33,'Sober Nexus ','927 North Vista Street  Riverside CA','sobernexus.com','(323) 592-0379'),(625,5,33,'Homeless Outreach Program ','5715 S Broadway # 1  Riverside CA','hopics.org','(323) 541-0786'),(626,6,33,'People Assisting the Homeless ','5627 Fernwood Avenue  Riverside CA','epath.org','(323) 960-3333'),(627,6,33,'Emmanuel Baptist Rescue Mission ','530 East 5th Street  Riverside CA','ebrm.org','(213) 626-4681'),(628,6,33,'Kaiser Permanente Medical Care ','765 West College Street  Riverside CA','health.kaiserpermanente.org','(213) 580-7200'),(629,6,33,'The Rumor Mill ','11739 West Washington Boulevard  Los','therumormill.us','(310) 397-5400'),(630,6,33,'Riverside County Health Services ','550 S Vermont Ave # 12  Riverside CA','dmh.rvcounty.gov','(213) 351-5085'),(631,6,33,'Riverside County Mental Health ','1720 East 120th Street  Riverside CA','dmh.rvcounty.gov','(310) 668-4790'),(632,7,33,'Cedars-Sinai Medical Center ','Riverside CAlifornia','cedars-sinai.edu','(310) 423-3277'),(633,7,33,'Good Samaritan Hospital ','1225 Wilshire Boulevard  Riverside CA','goodsam.org','(213) 977-2121'),(634,7,33,'Children\'s Hospital Riverside ','4650 Sunset Boulevard  Riverside CA','chrv.org','(323) 660-2450 '),(635,7,33,'Saint Vincent Medical Center ','2131 West 3rd Street  Riverside CA','stvincentmedicalcenter.com','(213) 484-7111 '),(636,7,33,'Ronald Reagan UCrv Medical Center ','757 Westwood Prvza  Riverside CA','ucrvhealth.org','(310) 825-8611'),(637,7,33,'Temple Community Hospital ','235 North Hoover Street  Riverside CA','templecommunityhospital.com','(213) 382-7252'),(638,8,33,'Legal Aid Foundation of Riverside','432 West 10th Street  Riverside CA','http://www.rvfrv.org/','(213) 382-0190'),(639,8,33,'AmeriCorps','3407 W 6th St # 700  Riverside CA','http://www.nationalservice.gov/programs/americorps','213) 482-1834'),(640,8,33,'Cash Assistance Program for Immigrants','231 Winston Street  Riverside CA','http://www.rvdpss.org/programs.cfm','(213) 229-9963'),(641,8,33,'Federal Reserve Bank','950 South Grand Avenue  Riverside CA','frbsf.org','(213) 683-2300'),(642,8,33,'Riverside County - Red  White  and Blue Book','445 S Figueroa St # 2700  Riverside CA','http://www.redwhiteandbluebook.org/','(213) 596-4855'),(643,8,33,'Hoffman and Associates ','5900 Wilshire Boulevard #2600  Riverside CA','hoffmanrvwoffice.com','(323) 655-3900'),(644,9,33,'rvHSA Emergency Response Team (ERT)','432 West 10th Street  Riverside CA','','(213) 225-6581'),(645,9,33,'rv Voz Sylmar Valley Food Pantry','13550 Herron  Sylmar','','(818) 765-3350'),(646,9,33,'Hospitality (Hippie) Kitchen','821 East 6th St.  Riverside','','(213) 614-9615'),(647,9,33,'Grace Resource Center','45134 N. Sierra Hwy  rvncaster','','(661) 940-5272'),(648,9,33,'Interfaith Food Center','14545 Leffingwell  Whittier','','(562) 903-1478'),(649,9,33,'West Valley Food Pantry','5700 Rudnick  Woodrvnd Hills','','(818) 346-5554'),(650,10,33,'National Veterans Foundation ','9841 Airport Blvd Suite 418  Riverside CA','https://www.nvf.org','(310) 642-0255'),(651,10,33,'US Veterans Affairs Department ','FEREDAL BUILDING Wilshire Boulevard  Riverside CA','https://www.va.gov','(800) 827-1000'),(652,10,33,'Disabled American Veterans ','11000 Wilshire Blvd # 5227  Riverside CA','https://www.dav.org','(310) 477-2539'),(653,10,33,'American Legion ','3828 West Srvuson Avenue  Riverside CA','https://www.legion.org','(323) 298-0308'),(654,10,33,'United Service Organizations ','203 World Way # 200  Riverside CA','https://www.bobhopeuso.org','(310) 645-3716'),(655,10,33,'VA West Riverside Healthcare Center ','11301 Wilshire Boulevard #6005  Riverside CA','https://www.losangeles.va.gov','(310) 478-3711'),(656,11,33,'West Hollywood Senior Center ','7377 Santa Monica Boulevard  West Hollywood ','','(323) 461-4363'),(657,11,33,'Retired Senior Volunteer Prog ','6671 Yucca Street  Riverside CA','https://www.maof.org','(323) 266-6408'),(658,11,33,'Senior Citizens-Freda Mohr Center ','330 North Fairfax Avenue  Riverside CA','','(323) 937-5902'),(659,11,33,'People Coordinated Services ','2475 West Washington Boulevard  Riverside ','https://www.pcs-socal.org','(213) 680-9739'),(660,11,33,'Wlcac Theresa Lindsay Center ','429 East 42nd Prvce  Riverside CA','https://www.wlcac.org','(323) 851-8202'),(661,11,33,'Commerce City Senior Citizens ','2555 Commerce Way  Commerce  CA','','(323) 887-4430'),(662,12,33,'Disabled American Veterans ','11000 Wilshire Blvd # 5227  Riverside CA','https://www.dav.org','(310) 477-2539'),(663,12,33,'Poverello house','Poverello House  PO Box 12225  CA 93777-2225','http://www.poverellohouse.org/','(559) 498-6988'),(664,12,33,'Eden housing','Eden Housing  Eden Housing  rv','http://www.edenhousing.org/','(510) 582-1460'),(665,12,33,'Phoenix House Sober Living','Riverside CA 90019','http://www.shelterlistings.org/','1 800 378 4435'),(666,12,33,'Hope For Life Inc','1624 W 84th Pl  Riverside CA 90047','','877-727-1119'),(667,12,33,'Disabled American Veterans','11301 Wilshire Boulevard #6005  Riverside ','losangeles.va.gov','(310) 478-3711'),(668,1,1,'Bill Wilson Center ','3490 The Alameda   Alameda   CA','billwilsoncenter.org','(408) 243-0222'),(669,1,1,'Innvision ','358 North Montgomery Street   San Jose   CA','innvision.org','(408) 271-5160'),(670,1,1,'The Salvation Army ','359 North 4th Street   San Jose   CA','salvationarmysiliconvalley.org','(408) 282-1165'),(671,1,1,'CityTeam Ministries- Men\'s Shelter ','1174 Old Bayshore Highway   San Jose   CA','cityteam.org','(408) 288-2153'),(672,1,1,'San Jose Family Shelter ','1590 Las Plumas Avenue   San Jose   CA','sjfamilyshelter.org','(408) 926-8885'),(673,1,1,'Cardea Center for Women ','1922 The Alameda   San Jose   CA','cardeacenterforwomen.org','(650) 740-8161'),(674,1,1,'Sunrise Village ','588 Brown Road   Fremont   CA','abodeservices.org','(510) 252-0910'),(675,1,1,'Save the Dogs ','650 Hamilton Lane   Alameda   CA','','(650) 623-5719 '),(676,1,1,'Innvision Commercial St Inn ','260 Commercial Street   San Jose   CA','innvision.org','(408) 271-1630'),(677,1,1,'Innvision Steven\'s House ','435 South 10th Street   San Jose   CA','innvision.org','(408) 280-7019'),(678,2,1,'Second Harvest Food Bank','San Jose   CA 95125','','(408) 266-8866'),(679,2,1,'Martha\'s Kitchen','San Jose   CA 95110','www.marthas-kitchen.org','(408) 293-6111'),(680,2,1,'Community Service Agency of Mountain View and Los Altos','Mountain View   CA 94043','',''),(681,2,1,'Food On Foot','Alameda CA','www.foodonfoot.org','(310) 442-0088'),(682,2,1,'Holman United Methodist Church Food Pantry','3320 W Adams Blvd San Jose CA 90018','http://www.homelessshelterdirectory.org/','323-731-7285'),(683,2,1,'One voice ','The Barker Hangar 3021 Airport Avenue CA 90405','http://onevoice-la.org/holiday-program/','(213) 357-4500 '),(684,3,1,'Mountain View    CA','San Jose','http://www.sccsacs.org/','(408) 279-3312'),(685,3,1,'Occupational Health Services ','625 Ellis Street #100   Mountain View   CA','mhn.com','(650) 988-4825'),(686,3,1,'Next Door','234 E Gish Road   Suite 200   San Jose   CA 95112','','1.800.279.2962'),(687,3,1,'Support Network for Battered Women Services','375 S. Third Avenue   San Jose   CA 95112','','800.572.2782'),(688,3,1,'Olympia Medical Center ','5900 West Olympic Boulevard Alameda CA','https://www.olympiamc.com','(310) 657-5900'),(689,3,1,'White Memorial Medical Center ','San Jose California','https://www.whitememorial.com','(323) 268-5000'),(690,4,1,'Bay Area Legal Aid','2 West Alameda Street    8th floor','http://www.scchousingsearch.org/',''),(691,4,1,'Bill Wilson Center','3490 The Alameda    Alameda','templecommunityhospital.com','(213) 382-7252'),(692,4,1,'Eastfield Ming Quong','251 Llewellyn Avenue    San Jose ','http://www.lafla.org/','(213) 382-0190'),(693,4,1,'Unity Care','237 Race Street','http://www.nationalservice.gov/programs/americorps','213) 482-1834'),(694,4,1,'Pathway Society    Inc.','11659 Scott Boulevard    Suite 31    Alameda','http://www.ladpss.org/programs.cfm','(213) 229-9963'),(695,4,1,'Valley Medical Call Center','650 Hamilton Lane   Alameda   CA','frbsf.org','(213) 683-2300'),(696,5,1,'Coast Personnel Services ','2295 De La Cruz Boulevard   Alameda   CA','coastjobs.com','(408) 653-2100'),(697,5,1,'Spherion ','3375 Scott Boulevard   Alameda   CA','spherion.com','(408) 727-5301'),(698,5,1,'Benchmark ','2350 Mission College Boulevard #800   Santa','benchmarchstaffing.com','(408) 961-6462'),(699,5,1,'American Labor Pool Inc. ','1725 De La Cruz Boulevard   Alameda   CA','americanlaborpool.com','(408) 496-9950'),(700,5,1,'Accountemps ','2350 Mission College Boulevard #800   Santa','accountemps.com','(408) 844-9101'),(701,5,1,'Corestaff Services ','275 Saratoga Avenue   Alameda   CA','corestaff.com','(408) 984-7203'),(702,5,1,'Staffmark ','Mc Candless Towers   3945 Freedom Circle #660   Alameda   CA','staffmark.com','(408) 496-5450'),(703,5,1,'Spec Personnel ','1900 Lafayette Street   Alameda   CA','','(408) 727-8000 '),(704,5,1,'Interplace Inc ','Executive Offices- Bowers Office Center   3333 Bowers Avenue   Alameda   CA','interplace-agency.com','(408) 919-0577'),(705,6,1,'Synaptics Inc ','3120 Scott Boulevard   Alameda   CA','synaptics.com','(408) 454-5100'),(706,6,1,'Wade Law Group ','5201 Great America Parkway   Alameda   CA','wadesilverstein.com','(408) 850-7259'),(707,6,1,'Law Offices of Keith C. Bower ','900 Lafayette Street   Alameda   CA','bowerlawoffices.com','(408) 261-1200'),(708,6,1,'Affordable & Express Legal Assistance ','100 North Winchester Boulevard   Alameda  ','expressparalegal.net','(408) 247-5100'),(709,6,1,'Applied Materials Inc ','2881 Scott Boulevard   Alameda   CA','appliedmaterials.com','(408) 563-0959'),(710,6,1,'UPS Store ','Mariposa Gardens Shopping Center   2784 Homestead Road   Alameda   CA','theupsstorelocal.com','(408) 247-4010'),(711,6,1,'Law Offices of Michel J. Rouhani ','2005 De La Cruz Boulevard #165   Alameda  ','topsanjoselawyer.com','(408) 275-1919'),(712,6,1,'The Mlnarik Law Group    Inc. ','2930 Bowers Avenue   Alameda   CA','mlnariklaw.com','(408) 919-0088'),(713,6,1,'Campbell Law Office ','Airport Park Garden Office Suites. 1400 Coleman Avenue   Alameda   CA','lawcampbell.com','(408) 988-3200'),(714,6,1,'Law Office of Daniel Dezhan Li ','2005 De La Cruz Boulevard #292   Alameda  ','dli-law.com','(408) 844-8984'),(715,7,1,'Alameda Pet Hospital ','830 Kiely Boulevard   Alameda   CA','santaclarapethospital.com','(408) 296-5857'),(716,7,1,'Kaiser Permanente Alameda Medical Center ','700 Lawrence Expressway   Alameda   CA','kaiserpermanente.org','(408) 851-1000'),(717,7,1,'Palo Alto Medical Foundation-Alameda Center ','2734 El Camino Real   Alameda   CA','pamf.org','(408) 241-3801'),(718,7,1,'Walgreens Store Alameda ','2012 El Camino Real   Alameda   CA','walgreens.com','(408) 246-1054'),(719,7,1,'Examone ','2905 Stender Way #32   Alameda   CA','','(408) 330-0811'),(720,7,1,'Walgreens Store Alameda ','3460 El Camino Real   Alameda   CA','','(408) 261-1047 '),(721,7,1,'Lumiquick Diagnostics Inc ','2946 Scott Boulevard   Alameda   CA','lumiquick.com','(408) 855-0061'),(722,7,1,'SVMA - Silicon Valley Medical Associates','885 Scott Boulevard #5   Alameda   CA','svmaonline.com','(408) 354-3129'),(723,7,1,'Kaiser Permanente ','700 Lawrence Expressway   Alameda   CA','kaiserpermanente.org','(408) 851-1000'),(724,8,1,'InnVision Cecil White Center','350 North Montgomery Street','',''),(725,8,1,'William A Miller Attorneys ','7530 Pine Street    Alameda CA','','(209) 523-9125 '),(726,8,1,'Douglas & Jayne Starn ','6621 Blue Gum Road    Alameda CA','','(209) 883-4886 '),(727,8,1,'Alfred Black ','4207 Washington Rd    Alameda CA','','(209) 537-4166 '),(728,8,1,'Thomas Hogan Law Office ','1207 13th Street    San Jose CA','tomhoganlaw.com','(209) 214-6600'),(729,8,1,'We the People','1347 McHenry Avenue    Modesto    CA','wethepeopleusa.com','209) 523-8227'),(730,9,1,'Goodwill','2800 El Camino Real   Alameda   CA','goodwill.org','(408) 247-2800'),(731,9,1,'Salvation Army Thrift Store ','1494 Halford Avenue   Alameda   CA','salvationarmy.org','(408) 249-1715'),(732,9,1,'St Justin Catholic Church ','2655 Homestead Road   Alameda   CA','st-justin.org','(408) 243-1462'),(733,9,1,'American Apparel ','2855 Stevens Creek Boulevard   Alameda  ','americanapparel.net','(408) 261-1895'),(734,9,1,'ContractorsThriftStore.com    Inc. ','3381 Stevens Creek Boulevard   Alameda  ','contractorsthriftstore.com','(408) 247-6700'),(735,9,1,'Crossroads Trading Co. ','1959 West San Carlos Street   San Jose   CA','crossroadstrading.com','(408) 292-6100'),(736,9,1,'Resale Warehouse ','312 Martin Avenue   Alameda   CA','',''),(737,9,1,'Savers ','1545 Parkmoor Avenue   San Jose   CA','savers.com','(408) 287-0591'),(738,9,1,'The Salvation Army: Thrift Store ','702 West Taylor Street   San Jose   CA','salvationarmy.org','(408) 298-7605'),(739,9,1,'Goodwill ','1080 North 7th Street   San Jose   CA','goodwillsv.org','(408) 998-5774'),(740,10,1,'American Legion ','2120 Walsh Avenue   Alameda   CA','americanlegionpost564.org','(408) 727-7400'),(741,10,1,'Veterans of Foreign Wars ','2191 El Camino Real   Alameda   CA','vfw.org','(408) 243-5150'),(742,10,1,'American Legion ','958 Homestead Road   Alameda   CA','santaclara419.org','(408) 244-3050'),(743,10,1,'County of Alameda: Veterans Services','68 North Winchester Boulevard   Alameda   CA','sccgov.org','(408) 553-6000'),(744,10,1,'San Jose Vet Center ','278 North 2nd Street   San Jose   CA','va.gov','(408) 993-0729'),(745,10,1,'West Valley College: Veterans Resource','Saratoga   CA','westvalley.edu','(408) 867-2200'),(746,10,1,'KOAM Korean War Meritorius ','2175 The Alameda # 109   San Jose   CA','','(408) 260-8180 '),(747,10,1,'San Jose GI Forum ','765 Story Road   San Jose   CA','sjgif.org','(408) 288-9470'),(748,10,1,'For The Birds ','1136 South De Anza Boulevard   San Jose   CA','forthebirdsdvm.com','(408) 255-1739'),(749,10,1,'Stanford/Va Alzheimer\'s Center ','3801 Miranda Avenue   Palo Alto   CA','paloalto.va.gov','(650) 493-0641'),(750,11,1,'Alameda Senior Center ','1303 Fremont Street   Alameda   CA','kpschvolunteers.org','(408) 615-3170'),(751,11,1,'Heart-The Valley Services-Seniors ','1550 El Camino Real   Alameda   CA','','(408) 241-1571'),(752,11,1,'City of San Jose: Cypress Senior Center','403 South Cypress Avenue   San Jose   CA','sanjoseca.gov','(408) 244-1353'),(753,11,1,'Sunnyvale City Senior Center ','550 East Remington Drive   Sunnyvale   CA','sunnyvale.ca.gov','(408) 730-7360'),(754,11,1,'Yu-Ai Kai ','588 North 4th Street   San Jose   CA','yuaikai.org','(408) 294-2505'),(755,11,1,'Creative Care Options ','2518 Fernwood Avenue   San Jose   CA','creativecareoptions.com','(408) 247-2514'),(756,11,1,'Pruneridge Residential Care Home ','3030 Pruneridge Avenue   Alameda   CA','providerdata.com','(408) 504-1809'),(757,11,1,'On Lok ','299 Stockton Avenue   San Jose   CA','onlok.org','(408) 535-4600'),(758,11,1,'John XXIII Multi-Services Center ','195 East San Fernando Street   San Jose   CA','catholiccharitiesscc.org','(408) 282-8600'),(759,11,1,'City of Cupertino: Senior Center ','21251 Stevens Creek Boulevard   Cupertino   CA','cupertino.org','(408) 777-3150'),(760,12,1,'Disabled American Veterans ','11000 Wilshire Blvd # 5227  San Jose CA','tomhoganlaw.com','(310) 477-2539'),(761,12,1,'Poverello house','Poverello House  PO Box 12225  CA 93777-2225','','(559) 498-6988'),(762,12,1,'Eden housing','Eden Housing  Eden Housing  CA','goodwill.org','(510) 582-1460'),(763,12,1,'Phoenix House Sober Living','Alameda  90019','salvationarmy.org','1 800 378 4435'),(764,12,1,'Hope For Life Inc','1624 W 84th Pl  Alameda CA 90047','st-justin.org','877-727-1119'),(765,12,1,'Disabled American Veterans','11301 Wilshire Boulevard #6005  Alameda ','losa.va.gov','(310) 478-3711');
/*!40000 ALTER TABLE `serviceinfo` ENABLE KEYS */;
UNLOCK TABLES;

--
-- Table structure for table `state`
--

DROP TABLE IF EXISTS `state`;
/*!40101 SET @saved_cs_client     = @@character_set_client */;
/*!40101 SET character_set_client = utf8 */;
CREATE TABLE `state` (
  `state_id` int(11) NOT NULL,
  `statename` varchar(45) DEFAULT NULL,
  `stateabbrv` varchar(2) DEFAULT NULL,
  PRIMARY KEY (`state_id`)
) ENGINE=InnoDB DEFAULT CHARSET=utf8;
/*!40101 SET character_set_client = @saved_cs_client */;

--
-- Dumping data for table `state`
--

LOCK TABLES `state` WRITE;
/*!40000 ALTER TABLE `state` DISABLE KEYS */;
INSERT INTO `state` VALUES (1,'Alabama','AL'),(2,'Alaska','AK'),(3,'Arizona','AZ'),(4,'Arkansas','AR'),(5,'California','CA'),(6,'Colorado','CO'),(7,'Connecticut','CT'),(8,'Delaware','DE'),(9,'Florida','FL'),(10,'Georgia','GA'),(11,'Hawaii','HI'),(12,'Idaho','ID'),(13,'Illinois','IL'),(14,'Indiana','IN'),(15,'Iowa','IA'),(16,'Kansas','KS'),(17,'Kentucky','KY'),(18,'Louisiana','LA'),(19,'Maine','ME'),(20,'Maryland','MD'),(21,'Massachusetts','MA'),(22,'Michigan','MI'),(23,'Minnesota','MN'),(24,'Mississippi','MS'),(25,'Missouri','MO'),(26,'Montana','MT'),(27,'Nebraska','NE'),(28,'Nevada','NV'),(29,'New Hampshire','NH'),(30,'New Jersey','NJ'),(31,'New Mexico','NM'),(32,'New York','NY'),(33,'North Carolina','NC'),(34,'North Dakota','ND'),(35,'Ohio','OH'),(36,'Oklahoma','OK'),(37,'Oregon','OR'),(38,'Pennsylvania','PA'),(39,'Rhode Island','RI'),(40,'South Carolina','SC'),(41,'South Dakota','SD'),(42,'Tennessee','TN'),(43,'Texas','TX'),(44,'Utah','UT'),(45,'Vermont','VT'),(46,'Virginia','VA'),(47,'Washington','WA'),(48,'West Virginia','WV'),(49,'Wisconsin','WI'),(50,'Wyoming','WY'),(51,'United States','US');
/*!40000 ALTER TABLE `state` ENABLE KEYS */;
UNLOCK TABLES;

--
-- Table structure for table `state_count`
--

DROP TABLE IF EXISTS `state_count`;
/*!40101 SET @saved_cs_client     = @@character_set_client */;
/*!40101 SET character_set_client = utf8 */;
CREATE TABLE `state_count` (
  `statecountid` int(11) NOT NULL,
  `stateid_sc` int(11) DEFAULT NULL,
  `year` year(4) DEFAULT NULL,
  `count` int(11) DEFAULT NULL,
  PRIMARY KEY (`statecountid`),
  KEY `stateid_idx` (`stateid_sc`),
  CONSTRAINT `stateid` FOREIGN KEY (`stateid_sc`) REFERENCES `state` (`state_id`) ON DELETE NO ACTION ON UPDATE NO ACTION
) ENGINE=InnoDB DEFAULT CHARSET=utf8;
/*!40101 SET character_set_client = @saved_cs_client */;

--
-- Dumping data for table `state_count`
--

LOCK TABLES `state_count` WRITE;
/*!40000 ALTER TABLE `state_count` DISABLE KEYS */;
INSERT INTO `state_count` VALUES (1,1,2013,4689),(2,2,2013,1946),(3,3,2013,3812),(4,4,2013,10562),(5,5,2013,136826),(6,6,2013,9754),(7,7,2013,4448),(8,8,2013,946),(9,9,2013,47862),(10,10,2013,16971),(11,11,2013,6335),(12,12,2013,1781),(13,13,2013,13425),(14,14,2013,6096),(15,15,2013,6096),(16,16,2013,2693),(17,17,2013,5245),(18,18,2013,5226),(19,19,2013,3016),(20,20,2013,8205),(21,21,2013,19029),(22,22,2013,11527),(23,23,2013,8214),(24,24,2013,8581),(25,25,2013,2403),(26,26,2013,1878),(27,27,2013,3145),(28,28,2013,8443),(29,29,2013,1447),(30,30,2013,12002),(31,31,2013,2819),(32,32,2013,77430),(33,33,2013,12168),(34,34,2013,2069),(35,35,2013,12325),(36,36,2013,4408),(37,37,2013,13822),(38,38,2013,15086),(39,39,2013,1384),(40,40,2013,6544),(41,41,2013,1094),(42,42,2013,9528),(43,43,2013,29615),(44,44,2013,3277),(45,45,2013,7625),(46,46,2013,1454),(47,47,2013,17760),(48,48,2013,2240),(49,49,2013,6104),(50,50,2013,953),(51,1,2011,5558),(52,2,2011,2128),(53,3,2011,10504),(54,4,2011,3424),(55,5,2011,135928),(56,6,2011,15116),(57,7,2011,4456),(58,8,2011,1035),(59,9,2011,56687),(60,10,2011,20975),(61,11,2011,6188),(62,12,2011,2199),(63,13,2011,14009),(64,14,2011,6196),(65,15,2011,3134),(66,16,2011,2511),(67,17,2011,6034),(68,18,2011,9291),(69,19,2011,2447),(70,20,2011,10208),(71,21,2011,16664),(72,22,2011,13185),(73,23,2011,7495),(74,24,2011,2306),(75,25,2011,8989),(76,26,2011,1768),(77,27,2011,3548),(78,28,2011,10579),(79,29,2011,1469),(80,30,2011,14137),(81,31,2011,3601),(82,32,2011,63445),(83,33,2011,12896),(84,34,2011,603),(85,35,2011,13030),(86,36,2011,4625),(87,37,2011,17254),(88,38,2011,15096),(89,39,2011,1070),(90,40,2011,5093),(91,41,2011,826),(92,42,2011,9113),(93,43,2011,36911),(94,44,2011,3130),(95,45,2011,1144),(96,46,2011,8816),(97,47,2011,20439),(98,48,2011,2211),(99,49,2011,5785),(100,50,2011,1038),(101,1,2009,6080),(102,2,2009,1992),(103,3,2009,14721),(104,4,2009,2852),(105,5,2009,133129),(106,6,2009,15268),(107,7,2009,4605),(108,8,2009,1130),(109,9,2009,55599),(110,10,2009,20360),(111,11,2009,5782),(112,12,2009,1939),(113,13,2009,14055),(114,14,2009,6984),(115,15,2009,3380),(116,16,2009,1892),(117,17,2009,5999),(118,18,2009,12504),(119,19,2009,2444),(120,20,2009,11698),(121,21,2009,15482),(122,22,2009,14005),(123,23,2009,7718),(124,24,2009,2797),(125,25,2009,6959),(126,26,2009,1196),(127,27,2009,3718),(128,28,2009,14478),(129,29,2009,1645),(130,30,2009,13169),(131,31,2009,3475),(132,32,2009,61067),(133,33,2009,12918),(134,34,2009,773),(135,35,2009,12700),(136,36,2009,4838),(137,37,2009,17309),(138,38,2009,15096),(139,39,2009,1607),(140,40,2009,4473),(141,41,2009,731),(142,42,2009,10532),(143,43,2009,36761),(144,44,2009,3795),(145,45,2009,1214),(146,46,2009,8852),(147,47,2009,22782),(148,48,2009,1667),(149,49,2009,6525),(150,50,2009,515);
/*!40000 ALTER TABLE `state_count` ENABLE KEYS */;
UNLOCK TABLES;

--
-- Table structure for table `volunteer`
--

DROP TABLE IF EXISTS `volunteer`;
/*!40101 SET @saved_cs_client     = @@character_set_client */;
/*!40101 SET character_set_client = utf8 */;
CREATE TABLE `volunteer` (
  `Firstname` varchar(45) DEFAULT NULL,
  `Lastname` varchar(45) DEFAULT NULL,
  `emailid` varchar(45) NOT NULL,
  `service` varchar(45) DEFAULT NULL,
  `city` varchar(45) DEFAULT NULL,
  PRIMARY KEY (`emailid`)
) ENGINE=InnoDB DEFAULT CHARSET=utf8;
/*!40101 SET character_set_client = @saved_cs_client */;

--
-- Dumping data for table `volunteer`
--

LOCK TABLES `volunteer` WRITE;
/*!40000 ALTER TABLE `volunteer` DISABLE KEYS */;
INSERT INTO `volunteer` VALUES ('Mukul','Ambulgekar','mukulam@gmail.com','all_services[i].servicedesc%>',''),('Mukul','Ambulgekar','mukulambulgekar@gmail.com','all_services[i].servicedesc%>',''),('Uttam','Pawar','pawarug@gmail.com','all_services[i].servicedesc%>','');
/*!40000 ALTER TABLE `volunteer` ENABLE KEYS */;
UNLOCK TABLES;
/*!40103 SET TIME_ZONE=@OLD_TIME_ZONE */;

/*!40101 SET SQL_MODE=@OLD_SQL_MODE */;
/*!40014 SET FOREIGN_KEY_CHECKS=@OLD_FOREIGN_KEY_CHECKS */;
/*!40014 SET UNIQUE_CHECKS=@OLD_UNIQUE_CHECKS */;
/*!40101 SET CHARACTER_SET_CLIENT=@OLD_CHARACTER_SET_CLIENT */;
/*!40101 SET CHARACTER_SET_RESULTS=@OLD_CHARACTER_SET_RESULTS */;
/*!40101 SET COLLATION_CONNECTION=@OLD_COLLATION_CONNECTION */;
/*!40111 SET SQL_NOTES=@OLD_SQL_NOTES */;

-- Dump completed on 2014-12-10  3:58:19
